{
  "一反木绵": 62.5,
  "一目连": 54.36893204,
  "万年竹": 52.94117647,
  "三尾狐": 51.58730159,
  "不知火": 65,
  "丑时之女": 38.62660944,
  "两面佛": 57.19769674,
  "久次良": 45,
  "九命猫": 47.19101124,
  "书翁": 54.10628019,
  "二口女": 31.48148148,
  "人面树": 57.69230769,
  "以津真天": 54.6184739,
  "傀儡师": 35.63218391,
  "兔丸": 41.44736842,
  "入殓师": 58.57142857,
  "八岐大蛇": 75,
  "兵俑": 45.36585366,
  "凤凰火": 37.19008264,
  "判官": 47.31034483,
  "化鲸": 57.14285714,
  "匣中少女": 66.08695652,
  "卖药郎": 42.86952752,
  "古笼火": 41.59292035,
  "吸血姬": 47.60213144,
  "夜叉": 40.90909091,
  "大天狗": 53.98230088,
  "大岳丸": 60,
  "天井下": 77.77777778,
  "奴良陆生": 47.39884393,
  "妖刀姬": 54.25531915,
  "妖狐": 38.20224719,
  "妖琴师": 41.41414141,
  "姑获鸟": 45.19230769,
  "孟婆": 37.79069767,
  "小松丸": 55.30726257,
  "小袖之手": 43.47826087,
  "小鹿男": 51.54185022,
  "少羽大天狗": 48,
  "山兔": 47.21030043,
  "山童": 54.76190476,
  "山风": 56.94613204,
  "巫蛊师": 47.05882353,
  "座敷童子": 47.02970297,
  "弈": 42.99065421,
  "彼岸花": 59.72222222,
  "御怨般若": 60,
  "御馔津": 41.95121951,
  "惠比寿": 65.87677725,
  "数珠": 54.81927711,
  "於菊虫": 41.37931034,
  "日和坊": 74.04580153,
  "杀生丸": 75.64102564,
  "桃花妖": 41.63424125,
  "桔梗": 66.66666667,
  "椒图": 48.10606061,
  "樱花妖": 65.43704892,
  "武士之灵": 43.5483871,
  "河童": 42.85714286,
  "海坊主": 47.42451155,
  "海忍": 50,
  "清姬": 51.11111111,
  "炼狱茨木童子": 50,
  "烟烟罗": 46.46464646,
  "犬夜叉": 51.07632094,
  "犬神": 62.79069767,
  "独眼小僧": 44.68085106,
  "狸猫": 47.09090909,
  "玉藻前": 53.46534653,
  "白狼": 40.625,
  "白童子": 60.13986014,
  "白藏主": 59.01328273,
  "百目鬼": 60.81081081,
  "稻荷神御馔津": 39.53488372,
  "童女": 50.3968254,
  "童男": 41.58878505,
  "管狐": 40.11142061,
  "络新妇": 45.94594595,
  "般若": 48.16955684,
  "花鸟卷": 58.40336134,
  "苍风一目连": 75.71428571,
  "茨木童子": 43.47826087,
  "荒": 60.56338028,
  "荒川之主": 38.46153846,
  "萤草": 44.05820534,
  "薰": 50.87719298,
  "虫师": 45.72649573,
  "蜜桃&芥子": 55.25114155,
  "蝴蝶精": 63.05327117,
  "觉": 38.33333333,
  "赤影妖刀姬": 50,
  "跳跳哥哥": 62.53988513,
  "跳跳妹妹": 43.96551724,
  "跳跳弟弟": 40.65934066,
  "辉夜姬": 54.95283019,
  "追月神": 60.86956522,
  "酒吞童子": 65.59139785,
  "金鱼姬": 61.0619469,
  "铁鼠": 33.92857143,
  "镰鼬": 48.26175869,
  "阎魔": 45.0617284,
  "阿香": 44.11764706,
  "雨女": 50.88757396,
  "雪女": 52.04081633,
  "雪童子": 51.11111111,
  "青坊主": 42.55319149,
  "青蛙瓷器": 42.99065421,
  "青行灯": 62.96296296,
  "面灵气": 56.57894737,
  "食发鬼": 48.6013986,
  "食梦貘": 53.92156863,
  "饿鬼": 29.80769231,
  "首无": 45,
  "骨女": 48.61111111,
  "鬼使白": 46.06613455,
  "鬼使黑": 46.78899083,
  "鬼切": 70.37037037,
  "鬼女红叶": 38.36734694,
  "鬼灯": 32.0754717,
  "鲤鱼精": 39.28286853,
  "鸦天狗": 39.21568627,
  "鸩": 61.81538462,
  "黑童子": 53.57142857
}