{
  "杀生丸": 84.21052632,
  "惠比寿": 66.50246305,
  "日和坊": 74.53874539,
  "跳跳哥哥": 61.44067797,
  "樱花妖": 66.87697161,
  "匣中少女": 66.66666667,
  "山风": 58.23863636,
  "追月神": 61.15485564,
  "彼岸花": 60,
  "百目鬼": 61.47540984,
  "犬神": 62.44131455,
  "酒吞童子": 64.44444444,
  "小松丸": 55.29411765,
  "蜜桃&芥子": 55.60747664,
  "数珠": 54.87804878,
  "荒": 60,
  "花鸟卷": 58.18965517,
  "面灵气": 56.63716814,
  "大天狗": 54.05405405,
  "黑童子": 53.77777778,
  "山童": 55.72139303,
  "金鱼姬": 60.71428571,
  "镰鼬": 48.60853432,
  "清姬": 50.89820359,
  "辉夜姬": 54.69879518,
  "万年竹": 52.94117647,
  "以津真天": 52.75590551,
  "骨女": 50.72463768,
  "妖刀姬": 53.76344086,
  "蝴蝶精": 67.25206612,
  "青行灯": 63.10679612,
  "书翁": 53.9748954,
  "食梦貘": 53.5,
  "茨木童子": 43.125,
  "玉藻前": 52.57731959,
  "雪童子": 49.41860465,
  "雪女": 52.10526316,
  "九命猫": 47.6744186,
  "小鹿男": 50.94339623,
  "络新妇": 45.87155963,
  "白童子": 57.44680851,
  "跳跳弟弟": 39.77272727,
  "雨女": 50.6097561,
  "巫蛊师": 47.86324786,
  "烟烟罗": 44.68085106,
  "判官": 45.62211982,
  "般若": 48.37398374,
  "三尾狐": 52.89855072,
  "童女": 50.81300813,
  "两面佛": 58.19397993,
  "奴良陆生": 46.74556213,
  "海坊主": 46.57534247,
  "独眼小僧": 45.65217391,
  "食发鬼": 49.28571429,
  "鬼使黑": 47.16981132,
  "椒图": 51.2,
  "一目连": 53.60824742,
  "虫师": 45.68965517,
  "姑获鸟": 44.66019417,
  "桃花妖": 41.46341463,
  "兵俑": 45.77114428,
  "阎魔": 44.93670886,
  "武士之灵": 41.10429448,
  "兔丸": 41.61073826,
  "山兔": 46.90265487,
  "首无": 44.44444444,
  "白狼": 39.36170213,
  "鬼女红叶": 36.36363636,
  "阿香": 44.31137725,
  "妖琴师": 41.2371134,
  "座敷童子": 46.83544304,
  "鬼使白": 45.90747331,
  "古笼火": 42.59259259,
  "卖药郎": 45.20547945,
  "鸩": 62.45421245,
  "跳跳妹妹": 43.24324324,
  "犬夜叉": 48.88888889,
  "吸血姬": 46.40522876,
  "弈": 44.66019417,
  "鸦天狗": 41.4893617,
  "河童": 42.57425743,
  "鲤鱼精": 39.54154728,
  "觉": 39.65517241,
  "狸猫": 47.75086505,
  "管狐": 40.70351759,
  "青坊主": 43.16546763,
  "丑时之女": 38.98305085,
  "夜叉": 40.69767442,
  "小袖之手": 36.18090452,
  "青蛙瓷器": 41.34615385,
  "童男": 41.17647059,
  "妖狐": 38.0952381,
  "萤草": 43.49030471,
  "凤凰火": 36.55462185,
  "荒川之主": 39.53488372,
  "傀儡师": 36.9047619,
  "御馔津": 42.07920792,
  "铁鼠": 33.94495413,
  "鬼灯": 32.23684211,
  "孟婆": 38.18181818,
  "二口女": 31.77570093,
  "饿鬼": 30.81761006,
  "鬼切": 68,
  "白藏主": 62.58064516,
  "少羽大天狗": 52.38095238,
  "桔梗": 72.72727273,
  "人面树": 63.63636364,
  "於菊虫": 39.13043478,
  "薰": 46.15384615,
  "炼狱茨木童子": 50,
  "一反木绵": 57.14285714,
  "入殓师": 60,
  "八岐大蛇": 80,
  "苍风一目连": 80,
  "稻荷神御馔津": 46.15384615,
  "化鲸": 75,
  "天井下": 77.27272727
}