{
  "杀生丸": 70.58823529,
  "惠比寿": 69.06077348,
  "日和坊": 74.77876106,
  "跳跳哥哥": 65.75,
  "樱花妖": 67.29323308,
  "匣中少女": 67.34693878,
  "山风": 61.8852459,
  "追月神": 60.56338028,
  "彼岸花": 62.12121212,
  "百目鬼": 61.53846154,
  "犬神": 62.56410256,
  "酒吞童子": 66.27906977,
  "小松丸": 55.69620253,
  "蜜桃&芥子": 57.07070707,
  "数珠": 56.49350649,
  "荒": 62.90322581,
  "花鸟卷": 57.6744186,
  "面灵气": 63.04347826,
  "大天狗": 54.80769231,
  "黑童子": 53.64583333,
  "山童": 56.35359116,
  "金鱼姬": 58.41584158,
  "镰鼬": 48.434238,
  "清姬": 46.5648855,
  "辉夜姬": 54.63917526,
  "万年竹": 52.29885057,
  "以津真天": 47.70642202,
  "骨女": 56.14035088,
  "妖刀姬": 55.17241379,
  "蝴蝶精": 63.97973284,
  "青行灯": 59.75609756,
  "书翁": 53.02325581,
  "食梦貘": 53.88888889,
  "茨木童子": 45.32374101,
  "玉藻前": 52.22222222,
  "雪童子": 49.68553459,
  "雪女": 51.80722892,
  "九命猫": 46.05263158,
  "小鹿男": 47.72727273,
  "络新妇": 45.09803922,
  "白童子": 53.125,
  "跳跳弟弟": 40,
  "雨女": 49.67320261,
  "巫蛊师": 50.90909091,
  "烟烟罗": 45.05494505,
  "判官": 41.86046512,
  "般若": 48.43049327,
  "三尾狐": 55.55555556,
  "童女": 50.21834061,
  "两面佛": 55.76208178,
  "奴良陆生": 47.5,
  "海坊主": 47.82608696,
  "独眼小僧": 48.19277108,
  "食发鬼": 49.23076923,
  "鬼使黑": 48,
  "椒图": 47.11538462,
  "一目连": 50.58823529,
  "虫师": 46.36363636,
  "姑获鸟": 45.26315789,
  "桃花妖": 41.86046512,
  "兵俑": 45.50561798,
  "阎魔": 44.05594406,
  "武士之灵": 42.97520661,
  "兔丸": 44.02985075,
  "山兔": 46.07843137,
  "首无": 46.06741573,
  "白狼": 42.04545455,
  "鬼女红叶": 37.83783784,
  "阿香": 44.37086093,
  "妖琴师": 40.22988506,
  "座敷童子": 46.91689008,
  "鬼使白": 42.66055046,
  "古笼火": 43.56435644,
  "卖药郎": 44.85981308,
  "鸩": 60.54852321,
  "跳跳妹妹": 46,
  "犬夜叉": 48,
  "吸血姬": 45.92592593,
  "弈": 43.33333333,
  "鸦天狗": 45.39473684,
  "河童": 44.21052632,
  "鲤鱼精": 42.71186441,
  "觉": 38.0952381,
  "狸猫": 45.49180328,
  "管狐": 41.14285714,
  "青坊主": 42.30769231,
  "丑时之女": 35.22727273,
  "夜叉": 38.75,
  "小袖之手": 52.94117647,
  "青蛙瓷器": 40.2173913,
  "童男": 39.13043478,
  "妖狐": 36.48648649,
  "萤草": 43.27917282,
  "凤凰火": 37.68115942,
  "荒川之主": 38.98305085,
  "傀儡师": 33.8028169,
  "御馔津": 43.24324324,
  "铁鼠": 35.10638298,
  "鬼灯": 32.37410072,
  "孟婆": 38.0952381,
  "二口女": 30.20833333,
  "饿鬼": 34.84848485,
  "鬼切": 77.77777778,
  "白藏主": 50,
  "少羽大天狗": 57.14285714,
  "桔梗": 57.14285714,
  "人面树": 62.5,
  "於菊虫": 33.33333333,
  "薰": 36.36363636,
  "炼狱茨木童子": 60,
  "一反木绵": 50,
  "入殓师": 66.66666667,
  "八岐大蛇": 50
}