{
  "杀生丸": 71.27119163,
  "惠比寿": 63.55932203,
  "日和坊": 73.70020257,
  "跳跳哥哥": 63.65474502,
  "樱花妖": 58.61868833,
  "匣中少女": 64.02877698,
  "山风": 64.28101064,
  "追月神": 60.80760095,
  "彼岸花": 60.25641026,
  "百目鬼": 58.21086262,
  "犬神": 62.44541485,
  "酒吞童子": 62.85714286,
  "小松丸": 54.24053666,
  "蜜桃&芥子": 53.2,
  "数珠": 55.73770492,
  "荒": 62.02531646,
  "花鸟卷": 59.61538462,
  "面灵气": 53.80011969,
  "大天狗": 52.89256198,
  "黑童子": 54.09334353,
  "山童": 53.44827586,
  "金鱼姬": 56.91056911,
  "镰鼬": 49.29222416,
  "清姬": 55.53691275,
  "辉夜姬": 55.53097345,
  "万年竹": 52.52525253,
  "以津真天": 54.89614243,
  "骨女": 48.14814815,
  "妖刀姬": 52.47524752,
  "蝴蝶精": 67.01074867,
  "青行灯": 62.85714286,
  "书翁": 52.14187011,
  "食梦貘": 52.44444444,
  "茨木童子": 40.97087379,
  "玉藻前": 54.62962963,
  "雪童子": 49.75369458,
  "雪女": 52.31481481,
  "九命猫": 47.57281553,
  "小鹿男": 50.25553663,
  "络新妇": 44.44444444,
  "白童子": 53.43883141,
  "跳跳弟弟": 40,
  "雨女": 49.19786096,
  "巫蛊师": 48.0620155,
  "烟烟罗": 45.76271186,
  "判官": 57.17472119,
  "般若": 48.1095176,
  "三尾狐": 53.85745775,
  "童女": 49.6350365,
  "两面佛": 56.3359346,
  "奴良陆生": 47.19101124,
  "海坊主": 45.66804189,
  "独眼小僧": 44.06779661,
  "食发鬼": 47.90996785,
  "鬼使黑": 47.15447154,
  "椒图": 44.99689248,
  "一目连": 51.23966942,
  "虫师": 46.34146341,
  "姑获鸟": 44.35483871,
  "桃花妖": 42.7184466,
  "兵俑": 46.01769912,
  "阎魔": 47.22222222,
  "武士之灵": 43.53157572,
  "兔丸": 41.10429448,
  "山兔": 48.20717131,
  "首无": 44.62809917,
  "白狼": 41.44486692,
  "鬼女红叶": 44.15497662,
  "阿香": 42.2459893,
  "妖琴师": 40.6779661,
  "座敷童子": 47.51131222,
  "鬼使白": 45.04012376,
  "古笼火": 41.26984127,
  "卖药郎": 48.26908664,
  "鸩": 58.98780565,
  "跳跳妹妹": 42.85714286,
  "犬夜叉": 45.61748097,
  "吸血姬": 42.79887041,
  "弈": 43.58974359,
  "鸦天狗": 45.36029031,
  "河童": 45,
  "鲤鱼精": 45.02896586,
  "觉": 37.40458015,
  "狸猫": 47.78532169,
  "管狐": 39.75026015,
  "青坊主": 41.7721519,
  "丑时之女": 39.54887218,
  "夜叉": 39.6039604,
  "小袖之手": 46.72328093,
  "青蛙瓷器": 40.6779661,
  "童男": 45.32775453,
  "妖狐": 36.08247423,
  "萤草": 45.58833729,
  "凤凰火": 37.890625,
  "荒川之主": 38.54351687,
  "傀儡师": 33.33333333,
  "御馔津": 40.44444444,
  "铁鼠": 34.61538462,
  "鬼灯": 34.40860215,
  "孟婆": 38.86010363,
  "二口女": 33.33333333,
  "饿鬼": 30.52527255,
  "鬼切": 67.64705882,
  "白藏主": 53.94685232,
  "少羽大天狗": 50,
  "桔梗": 72.22222222,
  "人面树": 54.16666667,
  "於菊虫": 52.42070117,
  "薰": 71.58052954,
  "炼狱茨木童子": 46.15384615,
  "一反木绵": 55.17241379,
  "入殓师": 56.43410853,
  "八岐大蛇": 78.94736842,
  "苍风一目连": 53.28596803,
  "稻荷神御馔津": 32.9566855,
  "化鲸": 49.75609756,
  "天井下": 69.35483871,
  "不知火": 85.71428571,
  "御怨般若": 80.6372549,
  "久次良": 63.15789474,
  "大岳丸": 66.66666667,
  "海忍": 66.66666667,
  "赤影妖刀姬": 75,
  "骁浪荒川之主": 50,
  "蟹姬": 75,
  "朽木露琪亚": 55.55555556,
  "黑崎一护": 65.15151515,
  "泷夜叉姬": 50,
  "烬天玉藻前": 40,
  "纸舞": 50,
  "鬼王酒吞童子": 82.96296296,
  "星熊童子": 53.84615385,
  "天剑韧心鬼切": 50
}
