{
  "杀生丸": 73.65591398,
  "惠比寿": 64.5021645,
  "日和坊": 74.07407407,
  "跳跳哥哥": 63.14275824,
  "樱花妖": 59.06394199,
  "匣中少女": 66.15384615,
  "山风": 62.98010291,
  "追月神": 60.7748184,
  "彼岸花": 59.21052632,
  "百目鬼": 59.35828877,
  "犬神": 62.66666667,
  "酒吞童子": 62.74509804,
  "小松丸": 53.73062016,
  "蜜桃&芥子": 53.06122449,
  "数珠": 55.36723164,
  "荒": 62.82051282,
  "花鸟卷": 58.73015873,
  "面灵气": 54.27034297,
  "大天狗": 52.94117647,
  "黑童子": 52.90116046,
  "山童": 53.98230088,
  "金鱼姬": 57.85123967,
  "镰鼬": 48.81450488,
  "清姬": 55.68312285,
  "辉夜姬": 55.18018018,
  "万年竹": 52.08333333,
  "以津真天": 53.30261137,
  "骨女": 47.5,
  "妖刀姬": 52,
  "蝴蝶精": 66.19058383,
  "青行灯": 63.63636364,
  "书翁": 53.34295334,
  "食梦貘": 53.15315315,
  "茨木童子": 42.65734266,
  "玉藻前": 55.23809524,
  "雪童子": 50,
  "雪女": 52.58215962,
  "九命猫": 48.51485149,
  "小鹿男": 50.25553663,
  "络新妇": 44.82758621,
  "白童子": 57.46073298,
  "跳跳弟弟": 39.17525773,
  "雨女": 48.35164835,
  "巫蛊师": 48.03149606,
  "烟烟罗": 46.55172414,
  "判官": 55.09698721,
  "般若": 49.17860888,
  "三尾狐": 53.06427504,
  "童女": 49.62962963,
  "两面佛": 56.82158921,
  "奴良陆生": 47.15909091,
  "海坊主": 44.78587774,
  "独眼小僧": 45.94594595,
  "食发鬼": 47.38562092,
  "鬼使黑": 47.45762712,
  "椒图": 44.19924338,
  "一目连": 52.10084034,
  "虫师": 46.05809129,
  "姑获鸟": 45,
  "桃花妖": 42.37288136,
  "兵俑": 45.98214286,
  "阎魔": 47.09302326,
  "武士之灵": 44.15422886,
  "兔丸": 41.50943396,
  "山兔": 48.38709677,
  "首无": 44.82758621,
  "白狼": 42.37123421,
  "鬼女红叶": 43.96967609,
  "阿香": 42.30769231,
  "妖琴师": 41.07142857,
  "座敷童子": 47.11316397,
  "鬼使白": 45.62348505,
  "古笼火": 42.01680672,
  "卖药郎": 47.99521439,
  "鸩": 60.33599163,
  "跳跳妹妹": 41.80327869,
  "犬夜叉": 43.34580075,
  "吸血姬": 43.55584931,
  "弈": 43.85964912,
  "鸦天狗": 45.36029031,
  "河童": 45.37815126,
  "鲤鱼精": 41.77743307,
  "觉": 37.98449612,
  "狸猫": 48.11507937,
  "管狐": 39.4989339,
  "青坊主": 42.85714286,
  "丑时之女": 39.54887218,
  "夜叉": 38.94736842,
  "小袖之手": 51.34150767,
  "青蛙瓷器": 41.02564103,
  "童男": 45.64021995,
  "妖狐": 36.08247423,
  "萤草": 45.31321378,
  "凤凰火": 37.3015873,
  "荒川之主": 39.74854932,
  "傀儡师": 34.02061856,
  "御馔津": 40.7239819,
  "铁鼠": 34.4,
  "鬼灯": 34.06593407,
  "孟婆": 37.56613757,
  "二口女": 33.05084746,
  "饿鬼": 30.78920042,
  "鬼切": 68.75,
  "白藏主": 51.50984683,
  "少羽大天狗": 50,
  "桔梗": 75,
  "人面树": 54.41176471,
  "於菊虫": 50.52083333,
  "薰": 65.19399604,
  "炼狱茨木童子": 48,
  "一反木绵": 55.17241379,
  "入殓师": 55.20833333,
  "八岐大蛇": 82.35294118,
  "苍风一目连": 57.46268657,
  "稻荷神御馔津": 34.62414579,
  "化鲸": 40.04192872,
  "天井下": 75.47169811,
  "不知火": 90,
  "御怨般若": 75,
  "久次良": 58.82352941,
  "大岳丸": 75,
  "海忍": 60,
  "赤影妖刀姬": 71.42857143,
  "骁浪荒川之主": 40,
  "蟹姬": 75,
  "朽木露琪亚": 66.66666667,
  "黑崎一护": 80,
  "泷夜叉姬": 42.85714286,
  "烬天玉藻前": 50,
  "纸舞": 36.36363636,
  "鬼王酒吞童子": 80,
  "星熊童子": 62.5
}