{
  "杀生丸": 69.74789916,
  "惠比寿": 67.93953315,
  "日和坊": 71.18545718,
  "跳跳哥哥": 67.05007795,
  "樱花妖": 69.22059422,
  "匣中少女": 65.97437221,
  "山风": 62.33333333,
  "追月神": 60.54958782,
  "彼岸花": 59.53645048,
  "百目鬼": 55.40038691,
  "犬神": 62.01570142,
  "酒吞童子": 66.11550285,
  "小松丸": 58.61830949,
  "蜜桃&芥子": 55.52418415,
  "数珠": 53.74708625,
  "荒": 67.75507396,
  "花鸟卷": 52.24156985,
  "面灵气": 75.52028219,
  "大天狗": 53.35714286,
  "黑童子": 62.24378882,
  "山童": 56.03846154,
  "金鱼姬": 60.1843318,
  "镰鼬": 46.21856714,
  "清姬": 47.2946571,
  "辉夜姬": 51.28754236,
  "万年竹": 56.5240991,
  "以津真天": 46.43939394,
  "骨女": 63.56455309,
  "妖刀姬": 60.8962624,
  "蝴蝶精": 61.18559054,
  "青行灯": 58.39674051,
  "书翁": 58.04321729,
  "食梦貘": 51.74532884,
  "茨木童子": 50.65816536,
  "玉藻前": 59.54529506,
  "雪童子": 43.66397956,
  "雪女": 55.5250384,
  "九命猫": 47.143152,
  "小鹿男": 44.79532164,
  "络新妇": 49.31090352,
  "白童子": 59.16666667,
  "跳跳弟弟": 50.33333333,
  "雨女": 52.43468402,
  "巫蛊师": 46.54304029,
  "烟烟罗": 51.75,
  "判官": 40.62803754,
  "般若": 55.93180052,
  "三尾狐": 50.0534188,
  "童女": 49.16317016,
  "两面佛": 61.35929288,
  "奴良陆生": 43.59290135,
  "海坊主": 48.12719698,
  "独眼小僧": 46.21880789,
  "食发鬼": 50.94393902,
  "鬼使黑": 41.72043011,
  "椒图": 49.61038961,
  "一目连": 54.63786214,
  "虫师": 42.40837887,
  "姑获鸟": 44.66224233,
  "桃花妖": 40.0247678,
  "兵俑": 43.9524993,
  "阎魔": 41.02205611,
  "武士之灵": 49.91833448,
  "兔丸": 48.6598314,
  "山兔": 44.52966636,
  "首无": 44.25730994,
  "白狼": 42.68980143,
  "鬼女红叶": 40.19806763,
  "阿香": 45.13589744,
  "妖琴师": 45.65912519,
  "座敷童子": 46.76453961,
  "鬼使白": 37.54499665,
  "古笼火": 48.31644562,
  "卖药郎": 40.05279035,
  "鸩": 56.10248573,
  "跳跳妹妹": 44.33333333,
  "犬夜叉": 33.06122449,
  "吸血姬": 48.27058838,
  "弈": 49.70695971,
  "鸦天狗": 45.27389277,
  "河童": 42.80959752,
  "鲤鱼精": 48.49724717,
  "觉": 34.82619048,
  "狸猫": 50.79291994,
  "管狐": 49.67190704,
  "青坊主": 46.60892049,
  "丑时之女": 39.52272727,
  "夜叉": 39.54037267,
  "小袖之手": 43.78947368,
  "青蛙瓷器": 44.19347319,
  "童男": 43.33333333,
  "妖狐": 49.1323764,
  "萤草": 41.87253262,
  "凤凰火": 41.12778931,
  "荒川之主": 44.1978022,
  "傀儡师": 38.36601307,
  "御馔津": 43.61172305,
  "铁鼠": 38.24371184,
  "鬼灯": 37.36103846,
  "孟婆": 37.34487734,
  "二口女": 42.73076923,
  "饿鬼": 39.58991733,
  "鬼切": 60,
  "白藏主": 50,
  "少羽大天狗": 50,
  "桔梗": 50,
  "人面树": 42.85714286,
  "於菊虫": 33.33333333
}
