{
  "杀生丸": 70,
  "惠比寿": 68.78306878,
  "日和坊": 76,
  "跳跳哥哥": 63.70023419,
  "樱花妖": 65.14084507,
  "匣中少女": 67.61904762,
  "山风": 61.8852459,
  "追月神": 61.03542234,
  "彼岸花": 61.19402985,
  "百目鬼": 61.63793103,
  "犬神": 62.5,
  "酒吞童子": 65.51724138,
  "小松丸": 55,
  "蜜桃&芥子": 55.66502463,
  "数珠": 55.76923077,
  "荒": 61.53846154,
  "花鸟卷": 58.10810811,
  "面灵气": 61.05263158,
  "大天狗": 54.28571429,
  "黑童子": 54.90196078,
  "山童": 56.91489362,
  "金鱼姬": 59.61538462,
  "镰鼬": 48.2,
  "清姬": 50,
  "辉夜姬": 54.20792079,
  "万年竹": 51.68539326,
  "以津真天": 49.10714286,
  "骨女": 55.93220339,
  "妖刀姬": 54.44444444,
  "蝴蝶精": 67.6056338,
  "青行灯": 60.24096386,
  "书翁": 54.91071429,
  "食梦貘": 53.51351351,
  "茨木童子": 43.44827586,
  "玉藻前": 52.74725275,
  "雪童子": 49.3902439,
  "雪女": 53.48837209,
  "九命猫": 46.75324675,
  "小鹿男": 51.06382979,
  "络新妇": 46.66666667,
  "白童子": 55.55555556,
  "跳跳弟弟": 39.53488372,
  "雨女": 50.32258065,
  "巫蛊师": 49.55752212,
  "烟烟罗": 45.65217391,
  "判官": 44.75138122,
  "般若": 48.91774892,
  "三尾狐": 57.65765766,
  "童女": 50.21459227,
  "两面佛": 57.1942446,
  "奴良陆生": 46.62576687,
  "海坊主": 47.44525547,
  "独眼小僧": 47.05882353,
  "食发鬼": 49.05660377,
  "鬼使黑": 48,
  "椒图": 44.54545455,
  "一目连": 51.13636364,
  "虫师": 46.18834081,
  "姑获鸟": 44.89795918,
  "桃花妖": 42.34234234,
  "兵俑": 44.68085106,
  "阎魔": 44.13793103,
  "武士之灵": 40.44117647,
  "兔丸": 43.06569343,
  "山兔": 45.93301435,
  "首无": 45.16129032,
  "白狼": 41.57303371,
  "鬼女红叶": 36.84210526,
  "阿香": 44.02515723,
  "妖琴师": 39.77272727,
  "座敷童子": 46.82539683,
  "鬼使白": 43.22033898,
  "古笼火": 43.1372549,
  "卖药郎": 43.63636364,
  "鸩": 63.00692384,
  "跳跳妹妹": 44.66019417,
  "犬夜叉": 48.14814815,
  "吸血姬": 46.52014652,
  "弈": 42.55319149,
  "鸦天狗": 42.85714286,
  "河童": 43.87755102,
  "鲤鱼精": 42.31974922,
  "觉": 39.28571429,
  "狸猫": 46.33204633,
  "管狐": 39.13043478,
  "青坊主": 42.42424242,
  "丑时之女": 37.73584906,
  "夜叉": 38.27160494,
  "小袖之手": 49.65517241,
  "青蛙瓷器": 40.20618557,
  "童男": 38.94736842,
  "妖狐": 36.36363636,
  "萤草": 43.02158273,
  "凤凰火": 37.89954338,
  "荒川之主": 40.32258065,
  "傀儡师": 35.13513514,
  "御馔津": 42.93193717,
  "铁鼠": 34.34343434,
  "鬼灯": 32.16783217,
  "孟婆": 38.41059603,
  "二口女": 31,
  "饿鬼": 31.29251701,
  "鬼切": 78.94736842,
  "白藏主": 86.20689655,
  "少羽大天狗": 56.25,
  "桔梗": 66.66666667,
  "人面树": 62.5,
  "於菊虫": 35.71428571,
  "薰": 40,
  "炼狱茨木童子": 71.42857143,
  "一反木绵": 60,
  "入殓师": 60.86956522,
  "八岐大蛇": 50
}
