{
  "杀生丸": 78.70813397,
  "惠比寿": 66.01941748,
  "日和坊": 74.2632613,
  "跳跳哥哥": 64.0080429,
  "樱花妖": 66.77577741,
  "匣中少女": 66.66666667,
  "山风": 58.71000508,
  "追月神": 61.09660574,
  "彼岸花": 59.72222222,
  "百目鬼": 61.24497992,
  "犬神": 62.61682243,
  "酒吞童子": 64.44444444,
  "小松丸": 55.49132948,
  "蜜桃&芥子": 55.29953917,
  "数珠": 54.87804878,
  "荒": 60,
  "花鸟卷": 58.11965812,
  "面灵气": 56.88073394,
  "大天狗": 54.46428571,
  "黑童子": 53.65296804,
  "山童": 54.90196078,
  "金鱼姬": 60.71428571,
  "镰鼬": 48.73417722,
  "清姬": 50.33333333,
  "辉夜姬": 55.02392344,
  "万年竹": 52.94117647,
  "以津真天": 53.84615385,
  "骨女": 50.72463768,
  "妖刀姬": 53.76344086,
  "蝴蝶精": 65.66687372,
  "青行灯": 62.85714286,
  "书翁": 54.76772616,
  "食梦貘": 53.46534653,
  "茨木童子": 43.47826087,
  "玉藻前": 52.52525253,
  "雪童子": 50.28571429,
  "雪女": 52.10526316,
  "九命猫": 47.6744186,
  "小鹿男": 50.47169811,
  "络新妇": 45.45454545,
  "白童子": 57.93357934,
  "跳跳弟弟": 39.77272727,
  "雨女": 50.90909091,
  "巫蛊师": 47.86324786,
  "烟烟罗": 44.68085106,
  "判官": 45.42857143,
  "般若": 48.09619238,
  "三尾狐": 52.63157895,
  "童女": 50.40322581,
  "两面佛": 58.31702544,
  "奴良陆生": 46.74556213,
  "海坊主": 47.84946237,
  "独眼小僧": 45.16129032,
  "食发鬼": 49.46619217,
  "鬼使黑": 46.72897196,
  "椒图": 51.09170306,
  "一目连": 54,
  "虫师": 45.68965517,
  "姑获鸟": 45.19230769,
  "桃花妖": 41.2,
  "兵俑": 45.77114428,
  "阎魔": 45.28301887,
  "武士之灵": 41.37931034,
  "兔丸": 41.33333333,
  "山兔": 47.13656388,
  "首无": 44.44444444,
  "白狼": 40,
  "鬼女红叶": 37.08333333,
  "阿香": 44.37869822,
  "妖琴师": 41.2371134,
  "座敷童子": 46.61654135,
  "鬼使白": 45.82829504,
  "古笼火": 42.20183486,
  "卖药郎": 44.72049689,
  "鸩": 61.81538462,
  "跳跳妹妹": 43.75,
  "犬夜叉": 48.55967078,
  "吸血姬": 47.13261649,
  "弈": 43.80952381,
  "鸦天狗": 41.54302671,
  "河童": 43.1372549,
  "鲤鱼精": 39.66101695,
  "觉": 38.98305085,
  "狸猫": 47.42857143,
  "管狐": 41.86046512,
  "青坊主": 42.85714286,
  "丑时之女": 38.11659193,
  "夜叉": 40.22988506,
  "小袖之手": 33.58992302,
  "青蛙瓷器": 41.34615385,
  "童男": 41.17647059,
  "妖狐": 38.37209302,
  "萤草": 43.60228199,
  "凤凰火": 36.92946058,
  "荒川之主": 39.63414634,
  "傀儡师": 36.04651163,
  "御馔津": 42.36453202,
  "铁鼠": 33.63636364,
  "鬼灯": 31.81818182,
  "孟婆": 37.7245509,
  "二口女": 31.77570093,
  "饿鬼": 31.31313131,
  "鬼切": 69.23076923,
  "白藏主": 65.19916143,
  "少羽大天狗": 47.82608696,
  "桔梗": 72.72727273,
  "人面树": 60.86956522,
  "於菊虫": 41.66666667,
  "薰": 46.15384615,
  "炼狱茨木童子": 53.33333333,
  "一反木绵": 60,
  "入殓师": 55.38461538,
  "八岐大蛇": 80,
  "苍风一目连": 83.33333333,
  "稻荷神御馔津": 36.36363636,
  "化鲸": 46.15384615,
  "天井下": 79.16666667,
  "不知火": 55,
  "御怨般若": 50,
  "久次良": 50,
  "大岳丸": 50,
  "海忍": 50,
  "赤影妖刀姬": 50
}
