{
  "杀生丸": 71.42857143,
  "惠比寿": 69.41176471,
  "日和坊": 73.97959184,
  "跳跳哥哥": 63.27077748,
  "樱花妖": 65.2892562,
  "匣中少女": 65.93406593,
  "山风": 59.50920245,
  "追月神": 61.87683284,
  "彼岸花": 62.90322581,
  "百目鬼": 61.50234742,
  "犬神": 63.04347826,
  "酒吞童子": 65.06024096,
  "小松丸": 56.08108108,
  "蜜桃&芥子": 58.06451613,
  "数珠": 56.46258503,
  "荒": 61.01694915,
  "花鸟卷": 58.93719807,
  "面灵气": 63.95348837,
  "大天狗": 54.36893204,
  "黑童子": 57.22543353,
  "山童": 57.55813953,
  "金鱼姬": 58.7628866,
  "镰鼬": 49.33628319,
  "清姬": 48.8,
  "辉夜姬": 54.03225806,
  "万年竹": 53.29341317,
  "以津真天": 47.42268041,
  "骨女": 55.35714286,
  "妖刀姬": 53.08641975,
  "蝴蝶精": 61.80150125,
  "青行灯": 60,
  "书翁": 51.72413793,
  "食梦貘": 54.38596491,
  "茨木童子": 45.32374101,
  "玉藻前": 52.87356322,
  "雪童子": 49.03225806,
  "雪女": 50.625,
  "九命猫": 47.2972973,
  "小鹿男": 49.41176471,
  "络新妇": 46.39175258,
  "白童子": 54.34782609,
  "跳跳弟弟": 41.97530864,
  "雨女": 51.02040816,
  "巫蛊师": 51.42857143,
  "烟烟罗": 47.05882353,
  "判官": 39.70588235,
  "般若": 48.80382775,
  "三尾狐": 55.55555556,
  "童女": 50,
  "两面佛": 55.38461538,
  "奴良陆生": 47.16981132,
  "海坊主": 50.21276596,
  "独眼小僧": 47.5,
  "食发鬼": 48.57142857,
  "鬼使黑": 46.93877551,
  "椒图": 46.73913043,
  "一目连": 49.39759036,
  "虫师": 46.94835681,
  "姑获鸟": 44.44444444,
  "桃花妖": 41.42857143,
  "兵俑": 44.70588235,
  "阎魔": 44.20289855,
  "武士之灵": 46,
  "兔丸": 44.53125,
  "山兔": 45.64102564,
  "首无": 47.05882353,
  "白狼": 43.02325581,
  "鬼女红叶": 38.88888889,
  "阿香": 44.82758621,
  "妖琴师": 40,
  "座敷童子": 45.93837535,
  "鬼使白": 42,
  "古笼火": 44.32989691,
  "卖药郎": 44.3877551,
  "鸩": 59.57918051,
  "跳跳妹妹": 45.74468085,
  "犬夜叉": 42.10526316,
  "吸血姬": 43.41085271,
  "弈": 43.02325581,
  "鸦天狗": 45.98540146,
  "河童": 45.16129032,
  "鲤鱼精": 43.51145038,
  "觉": 37.37373737,
  "狸猫": 44.07582938,
  "管狐": 41.56626506,
  "青坊主": 41.46341463,
  "丑时之女": 35.44303797,
  "夜叉": 38.96103896,
  "小袖之手": 42.35294118,
  "青蛙瓷器": 40.4494382,
  "童男": 39.08045977,
  "妖狐": 37.68115942,
  "萤草": 42.04018547,
  "凤凰火": 38.5786802,
  "荒川之主": 38.88888889,
  "傀儡师": 32.35294118,
  "御馔津": 43.82022472,
  "铁鼠": 36.36363636,
  "鬼灯": 32.33082707,
  "孟婆": 36.76470588,
  "二口女": 29.03225806,
  "饿鬼": 33.33333333,
  "鬼切": 75,
  "白藏主": 50,
  "少羽大天狗": 66.66666667,
  "桔梗": 66.66666667,
  "人面树": 57.89473684,
  "於菊虫": 33.33333333,
  "薰": 66.66666667,
  "炼狱茨木童子": 66.66666667,
  "一反木绵": 33.33333333,
  "入殓师": 66.66666667
}
