{
  "杀生丸": 74.50980392,
  "惠比寿": 72.41619388,
  "日和坊": 71.44285302,
  "跳跳哥哥": 69.6916167,
  "樱花妖": 65.92453356,
  "匣中少女": 65.82025239,
  "山风": 73.96825397,
  "追月神": 61.25130352,
  "彼岸花": 59.91638221,
  "百目鬼": 60.16349605,
  "犬神": 67.06744338,
  "酒吞童子": 58.64480041,
  "小松丸": 62.3000516,
  "蜜桃&芥子": 60.94190897,
  "数珠": 54.00932401,
  "荒": 59.67772889,
  "花鸟卷": 58.66725421,
  "面灵气": 61.05442177,
  "大天狗": 54.19799499,
  "黑童子": 57.28383459,
  "山童": 48.90350877,
  "金鱼姬": 63.02449673,
  "镰鼬": 52.74908222,
  "清姬": 48.94134687,
  "辉夜姬": 54.32841435,
  "万年竹": 50.50519419,
  "以津真天": 46.1038961,
  "骨女": 48.2308713,
  "妖刀姬": 51.26701192,
  "蝴蝶精": 54.97065297,
  "青行灯": 53.07386112,
  "书翁": 61.78894635,
  "食梦貘": 58.61227479,
  "茨木童子": 50.91022869,
  "玉藻前": 50.59787627,
  "雪童子": 50.43506083,
  "雪女": 50.32581454,
  "九命猫": 47.24349574,
  "小鹿男": 46.66051093,
  "络新妇": 52.67461583,
  "白童子": 61.30952381,
  "跳跳弟弟": 50.43859649,
  "雨女": 54.33135115,
  "巫蛊师": 50.7145267,
  "烟烟罗": 48.35526316,
  "判官": 49.43199502,
  "般若": 51.07985449,
  "三尾狐": 63.36996337,
  "童女": 48.08919151,
  "两面佛": 52.7173913,
  "奴良陆生": 45.72422435,
  "海坊主": 50.89508889,
  "独眼小僧": 42.26785499,
  "食发鬼": 43.14088983,
  "鬼使黑": 48.3163554,
  "椒图": 42.29323308,
  "一目连": 54.28058783,
  "虫师": 48.82472575,
  "姑获鸟": 46.0130719,
  "桃花妖": 47.97041624,
  "兵俑": 44.75981127,
  "阎魔": 53.428144,
  "武士之灵": 47.5023826,
  "兔丸": 46.04933386,
  "山兔": 46.89575984,
  "首无": 41.56663589,
  "白狼": 45.39384899,
  "鬼女红叶": 43.14009662,
  "阿香": 44.6120108,
  "妖琴师": 47.79709455,
  "座敷童子": 46.16761942,
  "鬼使白": 43.99913302,
  "古笼火": 55.02163898,
  "卖药郎": 46.77513559,
  "鸩": 55.00296513,
  "跳跳妹妹": 46.05263158,
  "犬夜叉": 46.03174603,
  "吸血姬": 51.07586552,
  "弈": 44.04761905,
  "鸦天狗": 42.01465201,
  "河童": 50.2654663,
  "鲤鱼精": 39.43633952,
  "觉": 41.68859649,
  "狸猫": 34.4660761,
  "管狐": 36.09679794,
  "青坊主": 43.47406979,
  "丑时之女": 41.47727273,
  "夜叉": 52.02680615,
  "小袖之手": 35.51246537,
  "青蛙瓷器": 42.51727804,
  "童男": 41.22807018,
  "妖狐": 44.47242508,
  "萤草": 44.6065158,
  "凤凰火": 38.1433586,
  "荒川之主": 40.48582996,
  "傀儡师": 39.89680083,
  "御馔津": 38.62323492,
  "铁鼠": 33.0274404,
  "鬼灯": 35.41657107,
  "孟婆": 40.49137997,
  "二口女": 30.85357625,
  "饿鬼": 33.54563057,
  "鬼切": 50
}