{
  "杀生丸": 62.60504202,
  "惠比寿": 67.93953315,
  "日和坊": 67.85212385,
  "跳跳哥哥":  67.05007795,
  "樱花妖": 70.2975173,
  "匣中少女":  64.90294363,
  "山风":  58.16666667,
  "追月神": 59.97815925,
  "彼岸花": 59.53645048,
  "百目鬼": 53.6861012,
  "犬神":  64.63474903,
  "酒吞童子":  71.11550285,
  "小松丸": 56.61830949,
  "蜜桃&芥子": 58.85751748,
  "数珠":  50.41375291,
  "荒": 67.75507396,
  "花鸟卷": 56.52728414,
  "面灵气": 75.52028219,
  "大天狗": 53.35714286,
  "黑童子": 58.43426501,
  "山童":  66.03846154,
  "金鱼姬": 60.1843318,
  "镰鼬":  51.98779791,
  "清姬":  53.5446571,
  "辉夜姬": 52.53754236,
  "万年竹": 53.19076577,
  "以津真天":  46.43939394,
  "骨女":  53.56455309,
  "妖刀姬": 60.8962624,
  "蝴蝶精": 69.95182431,
  "青行灯": 60.06340718,
  "书翁":  58.04321729,
  "食梦貘": 50.6024717,
  "茨木童子":  50.65816536,
  "玉藻前": 49.54529506,
  "雪童子": 46.99731289,
  "雪女":  61.5250384,
  "九命猫": 45.80981866,
  "小鹿男": 48.12865497,
  "络新妇": 59.31090352,
  "白童子": 59.16666667,
  "跳跳弟弟":  53.66666667,
  "雨女":  52.43468402,
  "巫蛊师": 49.87637363,
  "烟烟罗": 51.75,
  "判官":  44.79470421,
  "般若":  54.26513386,
  "三尾狐": 56.3034188,
  "童女":  49.16317016,
  "两面佛": 65.64500717,
  "奴良陆生":  42.87861564,
  "海坊主": 56.46053032,
  "独眼小僧":  49.55214122,
  "食发鬼": 49.61060568,
  "鬼使黑": 41.72043011,
  "椒图":  49.61038961,
  "一目连": 54.63786214,
  "虫师":  47.40837887,
  "姑获鸟": 44.66224233,
  "桃花妖": 37.35810114,
  "兵俑":  43.06361041,
  "阎魔":  46.02205611,
  "武士之灵":  49.91833448,
  "兔丸":  50.5645933,
  "山兔":  44.52966636,
  "首无":  47.59064327,
  "白狼":  41.35646809,
  "鬼女红叶":  40.19806763,
  "阿香":  45.13589744,
  "妖琴师": 45.65912519,
  "座敷童子":  45.51453961,
  "鬼使白": 39.750879,
  "古笼火": 48.31644562,
  "卖药郎": 45.82202112,
  "鸩": 52.04843168,
  "跳跳妹妹":  47.66666667,
  "犬夜叉": 37.95918367,
  "吸血姬": 45.77058838,
  "弈": 44.70695971,
  "鸦天狗": 41.10722611,
  "河童":  57.80959752,
  "鲤鱼精": 48.49724717,
  "觉": 40.82619048,
  "狸猫":  51.62625327,
  "管狐":  49.67190704,
  "青坊主": 46.60892049,
  "丑时之女":  39.52272727,
  "夜叉":  40.54037267,
  "小袖之手":  45.12280702,
  "青蛙瓷器":  44.19347319,
  "童男":  41.66666667,
  "妖狐":  39.1323764,
  "萤草":  40.44396119,
  "凤凰火": 41.12778931,
  "荒川之主":  44.1978022,
  "傀儡师": 38.36601307,
  "御馔津": 46.11172305,
  "铁鼠":  38.24371184,
  "鬼灯":  35.36103846,
  "孟婆":  35.34487734,
  "二口女": 32.73076923,
  "饿鬼":  38.1613459,
  "鬼切":  60,
  "白藏主": 50,
  "少羽大天狗": 50,
  "桔梗":  50,
  "人面树": 42.85714286,
  "於菊虫": 50
}
