{
  "杀生丸": 68.66081229,
  "惠比寿": 62.890625,
  "日和坊": 70.79383886,
  "跳跳哥哥": 63.6523086,
  "樱花妖": 53.36881358,
  "匣中少女": 62.89308176,
  "山风": 56.69987835,
  "追月神": 60.02974926,
  "彼岸花": 60.22727273,
  "百目鬼": 57.87985458,
  "犬神": 58.04168305,
  "酒吞童子": 63.30275229,
  "小松丸": 53.22715842,
  "蜜桃&芥子": 52.0295203,
  "数珠": 55.85133099,
  "荒": 63.95348837,
  "花鸟卷": 59.20577617,
  "面灵气": 57.83829547,
  "大天狗": 54.30267062,
  "黑童子": 52.9535865,
  "山童": 54.25101215,
  "金鱼姬": 54.47761194,
  "镰鼬": 49.3448214,
  "清姬": 50.3113879,
  "辉夜姬": 55.13078471,
  "万年竹": 52.40384615,
  "以津真天": 51.46900752,
  "骨女": 46.06741573,
  "妖刀姬": 53.57142857,
  "蝴蝶精": 66.27899492,
  "青行灯": 56.50912106,
  "书翁": 52.78780586,
  "食梦貘": 51.69491525,
  "茨木童子": 39.8007034,
  "玉藻前": 54.46428571,
  "雪童子": 50.2283105,
  "雪女": 52.19298246,
  "九命猫": 48.18181818,
  "小鹿男": 47.71904417,
  "络新妇": 44.53125,
  "白童子": 49.3784187,
  "跳跳弟弟": 39.81481481,
  "雨女": 49.26829268,
  "巫蛊师": 47.36842105,
  "烟烟罗": 44.44444444,
  "判官": 56.40508372,
  "般若": 47.61061947,
  "三尾狐": 52.69382392,
  "童女": 51.36054422,
  "两面佛": 55.66642908,
  "奴良陆生": 48.14814815,
  "海坊主": 42.0971867,
  "独眼小僧": 46.45669291,
  "食发鬼": 47.44744745,
  "鬼使黑": 46.66666667,
  "椒图": 43.9429713,
  "一目连": 53.95683453,
  "虫师": 46.59090909,
  "姑获鸟": 44.96124031,
  "桃花妖": 43.18181818,
  "兵俑": 45.90163934,
  "阎魔": 47.12041885,
  "武士之灵": 42.54207777,
  "兔丸": 41.17647059,
  "山兔": 48.46101231,
  "首无": 45.03816794,
  "白狼": 40.9455843,
  "鬼女红叶": 44.02895054,
  "阿香": 42.1319797,
  "妖琴师": 40.6504065,
  "座敷童子": 47.48953975,
  "鬼使白": 43.8319641,
  "古笼火": 40.90909091,
  "卖药郎": 47.22490293,
  "鸩": 57.51549675,
  "跳跳妹妹": 42.42424242,
  "犬夜叉": 46.52114598,
  "吸血姬": 41.10728629,
  "弈": 43.65079365,
  "鸦天狗": 44.06698565,
  "河童": 43.65079365,
  "鲤鱼精": 48.16389863,
  "觉": 38.80597015,
  "狸猫": 45.80408911,
  "管狐": 39.1263504,
  "青坊主": 42.42424242,
  "丑时之女": 38.80145278,
  "夜叉": 40.17857143,
  "小袖之手": 41.35647646,
  "青蛙瓷器": 40.625,
  "童男": 44.27480916,
  "妖狐": 37.27865797,
  "萤草": 44.6558272,
  "凤凰火": 38.78326996,
  "荒川之主": 40.16736402,
  "傀儡师": 34.31372549,
  "御馔津": 39.83050847,
  "铁鼠": 35.50724638,
  "鬼灯": 36.31840796,
  "孟婆": 37.24847918,
  "二口女": 33.33333333,
  "饿鬼": 32.58655804,
  "鬼切": 60,
  "白藏主": 53.26863732,
  "少羽大天狗": 44.98834499,
  "桔梗": 64,
  "人面树": 54.32098765,
  "於菊虫": 56.8627451,
  "薰": 59.03655476,
  "炼狱茨木童子": 48.64864865,
  "一反木绵": 51.42857143,
  "入殓师": 59.04860393,
  "八岐大蛇": 71.05263158,
  "苍风一目连": 51.98711063,
  "稻荷神御馔津": 38.10775296,
  "化鲸": 47.61904762,
  "天井下": 69.07216495,
  "不知火": 77.77777778,
  "御怨般若": 75,
  "久次良": 62.5,
  "大岳丸": 66.66666667,
  "海忍": 55.55555556,
  "赤影妖刀姬": 64.28571429,
  "骁浪荒川之主": 46.15384615,
  "蟹姬": 72.26463104,
  "朽木露琪亚": 62.5,
  "黑崎一护": 76.38603696,
  "泷夜叉姬": 59.09090909,
  "烬天玉藻前": 56.25,
  "纸舞": 56,
  "鬼王酒吞童子": 66.45833333,
  "星熊童子": 61.9047619,
  "天剑韧心鬼切": 60,
  "聆海金鱼姬": 58.33333333,
  "浮世青行灯": 50,
  "云外镜": 45,
  "鬼童丸": 55,
  "缘结神": 50,
  "铃鹿御前": 50,
  "风狸": 45,
  "猫掌柜": 50
}