{
  "杀生丸": 68.48739496,
  "惠比寿": 69.58485787,
  "日和坊": 72.31515481,
  "跳跳哥哥": 72.4738203,
  "樱花妖": 66.97446072,
  "匣中少女": 68.64035088,
  "山风": 69.03703704,
  "追月神": 63.7238554,
  "彼岸花": 56.9205631,
  "百目鬼": 61.95170134,
  "犬神": 65.93629344,
  "酒吞童子": 62.37922705,
  "小松丸": 60.43504902,
  "蜜桃&芥子": 62.01762054,
  "数珠": 51.97552448,
  "荒": 61.36050912,
  "花鸟卷": 56.07577184,
  "面灵气": 60.41847042,
  "大天狗": 55.93253968,
  "黑童子": 57.88118132,
  "山童": 55.625,
  "金鱼姬": 60.49827189,
  "镰鼬": 51.58413728,
  "清姬": 51.39287613,
  "辉夜姬": 54.10500388,
  "万年竹": 51.95720721,
  "以津真天": 50.80808081,
  "骨女": 49.15266106,
  "妖刀姬": 53.20366133,
  "蝴蝶精": 55.81276596,
  "青行灯": 56.04516807,
  "书翁": 59.10045837,
  "食梦貘": 59.32451819,
  "茨木童子": 50.85561497,
  "玉藻前": 45.2108396,
  "雪童子": 48.85080778,
  "雪女": 51.47619048,
  "九命猫": 48.92894,
  "小鹿男": 50.04177109,
  "络新妇": 53.61231361,
  "白童子": 63.24404762,
  "跳跳弟弟": 50.41666667,
  "雨女": 54.03541852,
  "巫蛊师": 51.5121337,
  "烟烟罗": 48.4375,
  "判官": 41.13652869,
  "般若": 49.17945654,
  "三尾狐": 57.47863248,
  "童女": 48.9539627,
  "两面佛": 51.66007905,
  "奴良陆生": 48.30980801,
  "海坊主": 52.60033445,
  "独眼小僧": 47.65446224,
  "食发鬼": 49.31717867,
  "鬼使黑": 47.01164875,
  "椒图": 43.51190476,
  "一目连": 57.39989177,
  "虫师": 48.11281277,
  "姑获鸟": 40.85527544,
  "桃花妖": 46.2254902,
  "兵俑": 45.12363066,
  "阎魔": 47.72643377,
  "武士之灵": 47.66889042,
  "兔丸": 45.59210526,
  "山兔": 44.07478137,
  "首无": 44.48830409,
  "白狼": 45.62415655,
  "鬼女红叶": 43.59742351,
  "阿香": 43.31891026,
  "妖琴师": 44.49814891,
  "座敷童子": 46.08146067,
  "鬼使白": 39.59690973,
  "古笼火": 40.60389036,
  "卖药郎": 49.56862745,
  "鸩": 52.88811286,
  "跳跳妹妹": 46.25,
  "犬夜叉": 28.57142857,
  "吸血姬": 47.54260269,
  "弈": 44.3452381,
  "鸦天狗": 41.04700855,
  "河童": 45.66885965,
  "鲤鱼精": 39.59295877,
  "觉": 36.74702381,
  "狸猫": 38.83500436,
  "管狐": 35.94606351,
  "青坊主": 45.18925519,
  "丑时之女": 41.90340909,
  "夜叉": 46.09213251,
  "小袖之手": 33.90350877,
  "青蛙瓷器": 41.78030303,
  "童男": 41.66666667,
  "妖狐": 41.41547049,
  "萤草": 43.03257398,
  "凤凰火": 38.0676925,
  "荒川之主": 47.21153846,
  "傀儡师": 38.23529412,
  "御馔津": 39.78731127,
  "铁鼠": 33.51892552,
  "鬼灯": 33.64574252,
  "孟婆": 32.84181097,
  "二口女": 26.81089744,
  "饿鬼": 34.36834904,
  "鬼切": 50
}