{
  "杀生丸": 68.19852941,
  "惠比寿": 68.10598242,
  "日和坊": 72.63412263,
  "跳跳哥哥": 78.3572667,
  "樱花妖": 70.53938859,
  "匣中少女": 65.77322937,
  "山风": 71.96581197,
  "追月神": 63.10500842,
  "彼岸花": 63.24507011,
  "百目鬼": 58.68565106,
  "犬神": 64.37365937,
  "酒吞童子": 59.1250671,
  "小松丸": 61.59449891,
  "蜜桃&芥子": 63.03127428,
  "数珠": 55.8987309,
  "荒": 59.65982494,
  "花鸟卷": 58.29406747,
  "面灵气": 62.54578755,
  "大天狗": 58.13492063,
  "黑童子": 61.85515873,
  "山童": 51.25,
  "金鱼姬": 66.52585765,
  "镰鼬": 51.8518089,
  "清姬": 50.50826367,
  "辉夜姬": 54.18574005,
  "万年竹": 52.37308737,
  "以津真天": 47.08624709,
  "骨女": 50.91036415,
  "妖刀姬": 49.39295703,
  "蝴蝶精": 62.39809107,
  "青行灯": 56.02240896,
  "书翁": 60.98010633,
  "食梦貘": 55.20184561,
  "茨木童子": 50.97228974,
  "玉藻前": 50.63109162,
  "雪童子": 50.45923087,
  "雪女": 51.37566138,
  "九命猫": 46.62739365,
  "小鹿男": 52.03053931,
  "络新妇": 55.40257068,
  "白童子": 59.16005291,
  "跳跳弟弟": 50.46296296,
  "雨女": 53.48071193,
  "巫蛊师": 49.8282967,
  "烟烟罗": 48.26388889,
  "判官": 49.38830233,
  "般若": 45.73861184,
  "三尾狐": 60.55226824,
  "童女": 47.91181041,
  "两面佛": 48.80212955,
  "奴良陆生": 47.5237183,
  "海坊主": 50.3892605,
  "独眼小僧": 51.26811594,
  "食发鬼": 44.14871704,
  "鬼使黑": 52.38948626,
  "椒图": 47.42063492,
  "一目连": 57.29617605,
  "虫师": 48.09805707,
  "姑获鸟": 45.79157589,
  "桃花妖": 48.28976035,
  "兵俑": 47.03279223,
  "阎魔": 46.21118904,
  "武士之灵": 47.31025818,
  "兔丸": 47.417154,
  "山兔": 45.79737612,
  "首无": 42.48700455,
  "白狼": 45.13795172,
  "鬼女红叶": 42.61241174,
  "阿香": 44.31267806,
  "妖琴师": 51.84137758,
  "座敷童子": 45.64606742,
  "鬼使白": 46.85887318,
  "古笼火": 52.52284114,
  "卖药郎": 48.9416221,
  "鸩": 52.66711829,
  "跳跳妹妹": 45.83333333,
  "犬夜叉": 45.53571429,
  "吸血姬": 47.54915695,
  "弈": 43.71693122,
  "鸦天狗": 44.47731755,
  "河童": 47.03947368,
  "鲤鱼精": 41.85080929,
  "觉": 47.70833333,
  "狸猫": 36.60449221,
  "管狐": 39.32721414,
  "青坊主": 43.11151811,
  "丑时之女": 41.00378788,
  "夜叉": 41.02829538,
  "小袖之手": 41.37426901,
  "青蛙瓷器": 40.86700337,
  "童男": 40.74074074,
  "妖狐": 40.46163388,
  "萤草": 45.12402619,
  "凤凰火": 38.3820922,
  "荒川之主": 48.29059829,
  "傀儡师": 49.1503268,
  "御馔津": 38.74876817,
  "铁鼠": 33.47340931,
  "鬼灯": 41.55082502,
  "孟婆": 34.40756774,
  "二口女": 33.49358974,
  "饿鬼": 32.63149894,
  "鬼切": 50
}