{
  "杀生丸": 71.27119163,
  "惠比寿": 63.82978723,
  "日和坊": 73.70020257,
  "跳跳哥哥": 63.65474502,
  "樱花妖": 59.34752973,
  "匣中少女": 63.76811594,
  "山风": 64.28101064,
  "追月神": 60.71428571,
  "彼岸花": 60.25641026,
  "百目鬼": 57.90151271,
  "犬神": 62.44541485,
  "酒吞童子": 62.85714286,
  "小松丸": 54.24053666,
  "蜜桃&芥子": 53.01204819,
  "数珠": 55.49450549,
  "荒": 62.02531646,
  "花鸟卷": 59.45945946,
  "面灵气": 53.15533981,
  "大天狗": 52.89256198,
  "黑童子": 53.68583558,
  "山童": 53.67965368,
  "金鱼姬": 56.91056911,
  "镰鼬": 49.28585404,
  "清姬": 55.53691275,
  "辉夜姬": 55.43237251,
  "万年竹": 52.79187817,
  "以津真天": 54.89614243,
  "骨女": 47.5,
  "妖刀姬": 52.47524752,
  "蝴蝶精": 67.01851821,
  "青行灯": 63.30935252,
  "书翁": 52.14187011,
  "食梦貘": 52.67857143,
  "茨木童子": 40.07884363,
  "玉藻前": 54.62962963,
  "雪童子": 50,
  "雪女": 52.31481481,
  "九命猫": 48.51485149,
  "小鹿男": 50.25553663,
  "络新妇": 44.44444444,
  "白童子": 53.43883141,
  "跳跳弟弟": 40,
  "雨女": 48.92473118,
  "巫蛊师": 48.0620155,
  "烟烟罗": 45.76271186,
  "判官": 57.17472119,
  "般若": 48.4729064,
  "三尾狐": 53.85745775,
  "童女": 49.6350365,
  "两面佛": 56.3359346,
  "奴良陆生": 47.19101124,
  "海坊主": 45.60386473,
  "独眼小僧": 44.06779661,
  "食发鬼": 48.06451613,
  "鬼使黑": 47.15447154,
  "椒图": 44.99689248,
  "一目连": 51.23966942,
  "虫师": 46.53061224,
  "姑获鸟": 44.71544715,
  "桃花妖": 42.53246753,
  "兵俑": 46.01769912,
  "阎魔": 47.22222222,
  "武士之灵": 44.15422886,
  "兔丸": 41.10429448,
  "山兔": 48.20717131,
  "首无": 44.62809917,
  "白狼": 41.44486692,
  "鬼女红叶": 43.28358209,
  "阿香": 41.93548387,
  "妖琴师": 40.6779661,
  "座敷童子": 47.51131222,
  "鬼使白": 45.04012376,
  "古笼火": 41.26984127,
  "卖药郎": 49.9758784,
  "鸩": 58.98780565,
  "跳跳妹妹": 42.85714286,
  "犬夜叉": 45.61748097,
  "吸血姬": 43.10998736,
  "弈": 43.58974359,
  "鸦天狗": 45.36029031,
  "河童": 45.37815126,
  "鲤鱼精": 45.02896586,
  "觉": 37.40458015,
  "狸猫": 47.39413681,
  "管狐": 39.02053712,
  "青坊主": 41.7721519,
  "丑时之女": 39.54887218,
  "夜叉": 40,
  "小袖之手": 48.16752198,
  "青蛙瓷器": 40.6779661,
  "童男": 45.32775453,
  "妖狐": 36.08247423,
  "萤草": 45.92532558,
  "凤凰火": 37.64705882,
  "荒川之主": 40.18518519,
  "傀儡师": 33.33333333,
  "御馔津": 40.44444444,
  "铁鼠": 34.61538462,
  "鬼灯": 34.23913043,
  "孟婆": 38.54166667,
  "二口女": 33.33333333,
  "饿鬼": 30.52527255,
  "鬼切": 67.64705882,
  "白藏主": 55.38329894,
  "少羽大天狗": 48.27586207,
  "桔梗": 72.22222222,
  "人面树": 54.16666667,
  "於菊虫": 52.42070117,
  "薰": 71.58052954,
  "炼狱茨木童子": 46.15384615,
  "一反木绵": 55.17241379,
  "入殓师": 56.43410853,
  "八岐大蛇": 78.94736842,
  "苍风一目连": 51.2962963,
  "稻荷神御馔津": 32.9566855,
  "化鲸": 49.73637961,
  "天井下": 68.85245902,
  "不知火": 85.71428571,
  "御怨般若": 80.6372549,
  "久次良": 63.15789474,
  "大岳丸": 64.28571429,
  "海忍": 64.28571429,
  "赤影妖刀姬": 75,
  "骁浪荒川之主": 50,
  "蟹姬": 75,
  "朽木露琪亚": 55.55555556,
  "黑崎一护": 65.15151515,
  "泷夜叉姬": 50,
  "烬天玉藻前": 40,
  "纸舞": 50,
  "鬼王酒吞童子": 80,
  "星熊童子": 63.63636364,
  "天剑韧心鬼切": 50
}