{
  "杀生丸": 71.42857143,
  "惠比寿": 69.46107784,
  "日和坊": 72.2826087,
  "跳跳哥哥": 63.27077748,
  "樱花妖": 66.08695652,
  "匣中少女": 66.66666667,
  "山风": 60.68965517,
  "追月神": 62.01780415,
  "彼岸花": 62.29508197,
  "百目鬼": 61.24401914,
  "犬神": 63.04347826,
  "酒吞童子": 65.06024096,
  "小松丸": 56.16438356,
  "蜜桃&芥子": 58.69565217,
  "数珠": 57.24137931,
  "荒": 62.06896552,
  "花鸟卷": 59.02439024,
  "面灵气": 62.65060241,
  "大天狗": 53.92156863,
  "黑童子": 57.30994152,
  "山童": 57.64705882,
  "金鱼姬": 59.375,
  "镰鼬": 48.65470852,
  "清姬": 47.54098361,
  "辉夜姬": 53.80434783,
  "万年竹": 54.03726708,
  "以津真天": 45.45454545,
  "骨女": 55.35714286,
  "妖刀姬": 52.5,
  "蝴蝶精": 55.83413693,
  "青行灯": 58.44155844,
  "书翁": 52.5,
  "食梦貘": 53.61445783,
  "茨木童子": 46.32352941,
  "玉藻前": 52.94117647,
  "雪童子": 48.36601307,
  "雪女": 50.63291139,
  "九命猫": 47.2972973,
  "小鹿男": 49.41176471,
  "络新妇": 46.31578947,
  "白童子": 54.34782609,
  "跳跳弟弟": 42.85714286,
  "雨女": 51.02040816,
  "巫蛊师": 51.42857143,
  "烟烟罗": 47.05882353,
  "判官": 35.43307087,
  "般若": 49.02912621,
  "三尾狐": 55.55555556,
  "童女": 50.23041475,
  "两面佛": 56.0311284,
  "奴良陆生": 46.83544304,
  "海坊主": 50.22421525,
  "独眼小僧": 46.83544304,
  "食发鬼": 48.13278008,
  "鬼使黑": 46.39175258,
  "椒图": 44.57831325,
  "一目连": 50,
  "虫师": 47.11538462,
  "姑获鸟": 45.97701149,
  "桃花妖": 41.74757282,
  "兵俑": 44.64285714,
  "阎魔": 44.11764706,
  "武士之灵": 47.42268041,
  "兔丸": 45.23809524,
  "山兔": 45.87628866,
  "首无": 47.61904762,
  "白狼": 43.02325581,
  "鬼女红叶": 37.14285714,
  "阿香": 44.75524476,
  "妖琴师": 40.47619048,
  "座敷童子": 45.82132565,
  "鬼使白": 42.96675192,
  "古笼火": 43.75,
  "卖药郎": 44.21052632,
  "鸩": 59.57918051,
  "跳跳妹妹": 45.16129032,
  "犬夜叉": 44.44444444,
  "吸血姬": 44.44444444,
  "弈": 43.52941176,
  "鸦天狗": 44.7761194,
  "河童": 45.16129032,
  "鲤鱼精": 45.05928854,
  "觉": 37.5,
  "狸猫": 43.26923077,
  "管狐": 39.375,
  "青坊主": 41.32231405,
  "丑时之女": 38.35616438,
  "夜叉": 40,
  "小袖之手": 40.24390244,
  "青蛙瓷器": 40.4494382,
  "童男": 39.53488372,
  "妖狐": 37.68115942,
  "萤草": 41.77018634,
  "凤凰火": 38.97435897,
  "荒川之主": 39.62264151,
  "傀儡师": 31.34328358,
  "御馔津": 43.10344828,
  "铁鼠": 35.63218391,
  "鬼灯": 32.33082707,
  "孟婆": 36.84210526,
  "二口女": 30.33707865,
  "饿鬼": 33.33333333,
  "鬼切": 75,
  "白藏主": 33.33333333,
  "少羽大天狗": 66.66666667,
  "桔梗": 50,
  "人面树": 60,
  "於菊虫": 50,
  "薰": 66.66666667,
  "炼狱茨木童子": 50,
  "一反木绵": 50,
  "入殓师": 66.66666667
}
