{
  "杀生丸": 79.31034483,
  "惠比寿": 68.02030457,
  "日和坊": 73.96226415,
  "跳跳哥哥": 63.14606742,
  "樱花妖": 65.23178808,
  "匣中少女": 67.9245283,
  "山风": 65.68265683,
  "追月神": 61.12600536,
  "彼岸花": 59.42028986,
  "百目鬼": 61.25,
  "犬神": 62.25490196,
  "酒吞童子": 64.04494382,
  "小松丸": 54.87804878,
  "蜜桃:&芥子": 55.76923077,
  "数珠": 55.27950311,
  "荒": 60.29411765,
  "花鸟卷": 58.44155844,
  "面灵气": 58.18181818,
  "大天狗": 54.20560748,
  "黑童子": 54.62962963,
  "山童": 56.41025641,
  "金鱼姬": 59.25925926,
  "镰鼬": 48.85496183,
  "清姬": 54.83870968,
  "辉夜姬": 54.47941889,
  "万年竹": 52.43243243,
  "以津真天": 52.89256198,
  "骨女": 54.83870968,
  "妖刀姬": 53.76344086,
  "蝴蝶精": 66.51294785,
  "青行灯": 61.95652174,
  "书翁": 54.7826087,
  "食梦貘": 53.60824742,
  "茨木童子": 42.85714286,
  "玉藻前": 52.63157895,
  "雪童子": 49.7005988,
  "雪女": 53.00546448,
  "九命猫": 46.25,
  "小鹿男": 51,
  "络新妇": 45.87155963,
  "白童子": 53.48837209,
  "跳跳弟弟": 40.22988506,
  "雨女": 50.63291139,
  "巫蛊师": 48.27586207,
  "烟烟罗": 44.68085106,
  "判官": 45.62211982,
  "般若": 49.36708861,
  "三尾狐": 55.55555556,
  "童女": 50.41666667,
  "两面佛": 56.89655172,
  "奴良陆生": 46.98795181,
  "海坊主": 46.99646643,
  "独眼小僧": 47.72727273,
  "食发鬼": 49.27536232,
  "鬼使黑": 47.11538462,
  "椒图": 46.01769912,
  "一目连": 52.12765957,
  "虫师": 46.05263158,
  "姑获鸟": 44.89795918,
  "桃花妖": 41.94915254,
  "兵俑": 45.36082474,
  "阎魔": 43.79084967,
  "武士之灵": 40.84507042,
  "兔丸": 41.66666667,
  "山兔": 46.75925926,
  "首无": 44.21052632,
  "白狼": 40.65934066,
  "鬼女红叶": 35.8974359,
  "阿香": 43.63636364,
  "妖琴师": 41.30434783,
  "座敷童子": 46.63212435,
  "鬼使白": 44.85981308,
  "古笼火": 42.85714286,
  "卖药郎": 41.92139738,
  "鸩": 62.87878788,
  "跳跳妹妹": 42.59259259,
  "犬夜叉": 52.77777778,
  "吸血姬": 47.76632302,
  "弈": 43.87755102,
  "鸦天狗": 40.90909091,
  "河童": 43.43434343,
  "鲤鱼精": 41.31736527,
  "觉": 40,
  "狸猫": 48.21428571,
  "管狐": 38.5026738,
  "青坊主": 43.06569343,
  "丑时之女": 36.69724771,
  "夜叉": 39.02439024,
  "小袖之手": 41.86046512,
  "青蛙瓷器": 40.59405941,
  "童男": 39.79591837,
  "妖狐": 37.5,
  "萤草": 43.08131241,
  "凤凰火": 36.52173913,
  "荒川之主": 38.75,
  "傀儡师": 35.52631579,
  "御馔津": 42.63959391,
  "铁鼠": 34.61538462,
  "鬼灯": 32.19178082,
  "孟婆": 38.46153846,
  "二口女": 31.37254902,
  "饿鬼": 29.48717949,
  "鬼切": 75,
  "白藏主": 51.80722892,
  "少羽大天狗": 52.63157895,
  "桔梗": 70,
  "人面树": 64.1025641,
  "於菊虫": 36.84210526,
  "薰": 47.36842105,
  "炼狱茨木童子": 70,
  "一反木绵": 63.63636364,
  "入殓师": 59.25925926,
  "八岐大蛇": 60,
  "苍风一目连": 60,
  "稻荷神御馔津": 55.55555556,
  "化鲸": 60,
  "天井下": 60
}
