{
  "杀生丸": 70.52221596,
  "惠比寿": 63.24110672,
  "日和坊": 71.08108108,
  "跳跳哥哥": 63.53925415,
  "樱花妖": 56.05262658,
  "匣中少女": 63.15789474,
  "山风": 61.35263469,
  "追月神": 61.45510836,
  "彼岸花": 59.30232558,
  "百目鬼": 58.77699317,
  "犬神": 59.11093312,
  "酒吞童子": 62.96296296,
  "小松丸": 53.22715842,
  "蜜桃&芥子": 51.87969925,
  "数珠": 55.85133099,
  "荒": 63.52941176,
  "花鸟卷": 59.19117647,
  "面灵气": 58.93813581,
  "大天狗": 53.63565285,
  "黑童子": 52.57001063,
  "山童": 54.06504065,
  "金鱼姬": 55.03875969,
  "镰鼬": 49.12758997,
  "清姬": 52.51184834,
  "辉夜姬": 55.09355509,
  "万年竹": 52.17391304,
  "以津真天": 51.56807751,
  "骨女": 46.59090909,
  "妖刀姬": 53.21100917,
  "蝴蝶精": 67.56155169,
  "青行灯": 60.58052434,
  "书翁": 52.84021251,
  "食梦貘": 51.91489362,
  "茨木童子": 41.47831399,
  "玉藻前": 54.95495495,
  "雪童子": 49.76525822,
  "雪女": 52.19298246,
  "九命猫": 48.18181818,
  "小鹿男": 48.52724595,
  "络新妇": 44.8,
  "白童子": 50.54715998,
  "跳跳弟弟": 38.67924528,
  "雨女": 49.26829268,
  "巫蛊师": 47.36842105,
  "烟烟罗": 44.7761194,
  "判官": 54.1019301,
  "般若": 47.50922509,
  "三尾狐": 51.96797865,
  "童女": 51.36986301,
  "两面佛": 55.76086957,
  "奴良陆生": 48.10810811,
  "海坊主": 43.12277823,
  "独眼小僧": 46.03174603,
  "食发鬼": 47.57575758,
  "鬼使黑": 47.28682171,
  "椒图": 45.72944297,
  "一目连": 52.94117647,
  "虫师": 46.15384615,
  "姑获鸟": 45.3125,
  "桃花妖": 42.77456647,
  "兵俑": 46.0251046,
  "阎魔": 47.08994709,
  "武士之灵": 42.54207777,
  "兔丸": 41.17647059,
  "山兔": 49.23558026,
  "首无": 45.03816794,
  "白狼": 40.9455843,
  "鬼女红叶": 42.43176179,
  "阿香": 42.1319797,
  "妖琴师": 40.83333333,
  "座敷童子": 47.72234273,
  "鬼使白": 44.20598931,
  "古笼火": 40.90909091,
  "卖药郎": 47.22490293,
  "鸩": 57.96167977,
  "跳跳妹妹": 42.42424242,
  "犬夜叉": 45.10627657,
  "吸血姬": 40.98837209,
  "弈": 43.65079365,
  "鸦天狗": 44.06698565,
  "河童": 43.65079365,
  "鲤鱼精": 47.53218451,
  "觉": 38.34586466,
  "狸猫": 45.80408911,
  "管狐": 38.46153846,
  "青坊主": 42.42424242,
  "丑时之女": 38.48069738,
  "夜叉": 38.88888889,
  "小袖之手": 42.24871356,
  "青蛙瓷器": 40,
  "童男": 44.27480916,
  "妖狐": 37.27865797,
  "萤草": 44.15854929,
  "凤凰火": 38.78326996,
  "荒川之主": 40.16736402,
  "傀儡师": 33.66336634,
  "御馔津": 40.34334764,
  "铁鼠": 35.50724638,
  "鬼灯": 36.18090452,
  "孟婆": 37.65373699,
  "二口女": 32.78688525,
  "饿鬼": 32.58655804,
  "鬼切": 60,
  "白藏主": 53.26863732,
  "少羽大天狗": 50.39164491,
  "桔梗": 68.18181818,
  "人面树": 55.69620253,
  "於菊虫": 56.8627451,
  "薰": 59.20035688,
  "炼狱茨木童子": 53.125,
  "一反木绵": 54.54545455,
  "入殓师": 57.00325733,
  "八岐大蛇": 72.4137931,
  "苍风一目连": 50.90909091,
  "稻荷神御馔津": 38.10775296,
  "化鲸": 47.38527215,
  "天井下": 68.23529412,
  "不知火": 83.33333333,
  "御怨般若": 77.96391753,
  "久次良": 62.96296296,
  "大岳丸": 64,
  "海忍": 58.33333333,
  "赤影妖刀姬": 66.66666667,
  "骁浪荒川之主": 50,
  "蟹姬": 75.29411765,
  "朽木露琪亚": 60,
  "黑崎一护": 67.58280479,
  "泷夜叉姬": 56.25,
  "烬天玉藻前": 50,
  "纸舞": 56,
  "鬼王酒吞童子": 75,
  "星熊童子": 63.15789474,
  "天剑韧心鬼切": 60,
  "聆海金鱼姬": 50,
  "浮世青行灯": 50,
  "云外镜": 45,
  "鬼童丸": 50,
  "缘结神": 55,
  "铃鹿御前": 50,
  "风狸": 50,
  "猫掌柜": 50
}