{
  "杀生丸": 71.87980813,
  "惠比寿": 65.27777778,
  "日和坊": 74.64008859,
  "跳跳哥哥": 62.43474335,
  "樱花妖": 63.64462209,
  "匣中少女": 66.38655462,
  "山风": 56.66728568,
  "追月神": 60.90225564,
  "彼岸花": 59.45945946,
  "百目鬼": 60.82435945,
  "犬神": 63.06306306,
  "酒吞童子": 64.89361702,
  "小松丸": 55.43478261,
  "蜜桃&芥子": 53.91304348,
  "数珠": 55.62130178,
  "荒": 61.11111111,
  "花鸟卷": 58.19672131,
  "面灵气": 52.44107744,
  "大天狗": 53.44827586,
  "黑童子": 53.66492147,
  "山童": 54.88372093,
  "金鱼姬": 60,
  "镰鼬": 48.49576271,
  "清姬": 51.92554557,
  "辉夜姬": 54.54545455,
  "万年竹": 52.94117647,
  "以津真天": 53.55371901,
  "骨女": 48,
  "妖刀姬": 54.16666667,
  "蝴蝶精": 62.83825995,
  "青行灯": 63.79310345,
  "书翁": 54.12423625,
  "食梦貘": 53.88349515,
  "茨木童子": 43.87144993,
  "玉藻前": 53.92156863,
  "雪童子": 50.81081081,
  "雪女": 53.23383085,
  "九命猫": 46.23655914,
  "小鹿男": 50.26595745,
  "络新妇": 45.53571429,
  "白童子": 58.88181175,
  "跳跳弟弟": 40.65934066,
  "雨女": 50,
  "巫蛊师": 47.54098361,
  "烟烟罗": 45.63106796,
  "判官": 47.29445235,
  "般若": 48.7037037,
  "三尾狐": 51.5,
  "童女": 50.3875969,
  "两面佛": 57.86265746,
  "奴良陆生": 46.85714286,
  "海坊主": 46.36493229,
  "独眼小僧": 45.54455446,
  "食发鬼": 48.10996564,
  "鬼使黑": 47.32142857,
  "椒图": 45.68642161,
  "一目连": 52.72727273,
  "虫师": 45.79831933,
  "姑获鸟": 45.79439252,
  "桃花妖": 41.41791045,
  "兵俑": 45.5399061,
  "阎魔": 46.38554217,
  "武士之灵": 42.93369056,
  "兔丸": 41.17647059,
  "山兔": 47.4789916,
  "首无": 45.54455446,
  "白狼": 40.625,
  "鬼女红叶": 40.54263566,
  "阿香": 43.10344828,
  "妖琴师": 41.50943396,
  "座敷童子": 47.57281553,
  "鬼使白": 44.77277359,
  "古笼火": 41.59292035,
  "卖药郎": 45.85338939,
  "鸩": 60.94134905,
  "跳跳妹妹": 42.14876033,
  "犬夜叉": 50.63150369,
  "吸血姬": 45.49356223,
  "弈": 44.54545455,
  "鸦天狗": 41.89636163,
  "河童": 44.44444444,
  "鲤鱼精": 40.09599588,
  "觉": 39.3442623,
  "狸猫": 46.9348659,
  "管狐": 41.07565012,
  "青坊主": 42.46575342,
  "丑时之女": 39.50617284,
  "夜叉": 39.56043956,
  "小袖之手": 47.08702184,
  "青蛙瓷器": 42.59259259,
  "童男": 44.21416235,
  "妖狐": 38.20224719,
  "萤草": 44.2512432,
  "凤凰火": 37.80487805,
  "荒川之主": 40.23529412,
  "傀儡师": 36.36363636,
  "御馔津": 41.14832536,
  "铁鼠": 33.91304348,
  "鬼灯": 32.93413174,
  "孟婆": 37.28813559,
  "二口女": 32.43243243,
  "饿鬼": 29.37922557,
  "鬼切": 67.74193548,
  "白藏主": 58.58277827,
  "少羽大天狗": 48.14814815,
  "桔梗": 69.23076923,
  "人面树": 56.36363636,
  "於菊虫": 40.24767802,
  "薰": 42.57219411,
  "炼狱茨木童子": 52.63157895,
  "一反木绵": 57.89473684,
  "入殓师": 60,
  "八岐大蛇": 76.92307692,
  "苍风一目连": 85,
  "稻荷神御馔津": 39.81481481,
  "化鲸": 55.61797753,
  "天井下": 71.42857143,
  "不知火": 85,
  "御怨般若": 78.70967742,
  "久次良": 50,
  "大岳丸": 66.66666667,
  "海忍": 50,
  "赤影妖刀姬": 66.66666667,
  "骁浪荒川之主": 50,
  "蟹姬": 50,
  "朽木露琪亚": 50,
  "黑崎一护": 50,
  "泷夜叉姬": 50,
  "烬天玉藻前": 50,
  "纸舞": 50,
  "鬼王酒吞童子": 50,
  "星熊童子": 50
}