{
  "杀生丸": 82.85714286,
  "惠比寿": 67.1641791,
  "日和坊": 74.53874539,
  "跳跳哥哥": 62.6349892,
  "樱花妖": 66.23794212,
  "匣中少女": 66.66666667,
  "山风": 65.68265683,
  "追月神": 60.90425532,
  "彼岸花": 59.42028986,
  "百目鬼": 61.15702479,
  "犬神": 62.01923077,
  "酒吞童子": 64.44444444,
  "小松丸": 55.08982036,
  "蜜桃&芥子": 55.71428571,
  "数珠": 54.60122699,
  "荒": 59.42028986,
  "花鸟卷": 58.44155844,
  "面灵气": 58.18181818,
  "大天狗": 54.54545455,
  "黑童子": 53.77777778,
  "山童": 55.83756345,
  "金鱼姬": 60.36036036,
  "镰鼬": 48.59287054,
  "清姬": 53.79746835,
  "辉夜姬": 54.69879518,
  "万年竹": 52.43243243,
  "以津真天": 54.03225806,
  "骨女": 50,
  "妖刀姬": 53.76344086,
  "蝴蝶精": 64.26155581,
  "青行灯": 61.8556701,
  "书翁": 54.07725322,
  "食梦貘": 53.8071066,
  "茨木童子": 42.03821656,
  "玉藻前": 52.57731959,
  "雪童子": 50,
  "雪女": 51.59574468,
  "九命猫": 47.56097561,
  "小鹿男": 49.51456311,
  "络新妇": 45.87155963,
  "白童子": 55.55555556,
  "跳跳弟弟": 40.22988506,
  "雨女": 50.61728395,
  "巫蛊师": 47.86324786,
  "烟烟罗": 44.68085106,
  "判官": 45.62211982,
  "般若": 48.55967078,
  "三尾狐": 54.26356589,
  "童女": 50.41322314,
  "两面佛": 58.19397993,
  "奴良陆生": 46.42857143,
  "海坊主": 46.02076125,
  "独眼小僧": 47.19101124,
  "食发鬼": 49.45848375,
  "鬼使黑": 47.16981132,
  "椒图": 50,
  "一目连": 53.60824742,
  "虫师": 45.88744589,
  "姑获鸟": 43.56435644,
  "桃花妖": 41.63265306,
  "兵俑": 45.5,
  "阎魔": 44.58598726,
  "武士之灵": 42.67515924,
  "兔丸": 41.37931034,
  "山兔": 47.08520179,
  "首无": 44.32989691,
  "白狼": 39.78494624,
  "鬼女红叶": 35.71428571,
  "阿香": 43.97590361,
  "妖琴师": 40.625,
  "座敷童子": 47.05882353,
  "鬼使白": 46.65461121,
  "古笼火": 42.05607477,
  "卖药郎": 43.46289753,
  "鸩": 62.97322253,
  "跳跳妹妹": 43.24324324,
  "犬夜叉": 56.41025641,
  "吸血姬": 46.8013468,
  "弈": 44.11764706,
  "鸦天狗": 40.54054054,
  "河童": 43.43434343,
  "鲤鱼精": 40.9495549,
  "觉": 40,
  "狸猫": 47.70318021,
  "管狐": 38.86010363,
  "青坊主": 43.06569343,
  "丑时之女": 37.39130435,
  "夜叉": 40,
  "小袖之手": 41.86046512,
  "青蛙瓷器": 41.34615385,
  "童男": 40,
  "妖狐": 37.34939759,
  "萤草": 43.43575419,
  "凤凰火": 36.7965368,
  "荒川之主": 40.96385542,
  "傀儡师": 35.44303797,
  "御馔津": 42.28855721,
  "铁鼠": 34.57943925,
  "鬼灯": 32.88590604,
  "孟婆": 39.13043478,
  "二口女": 31.13207547,
  "饿鬼": 30.81761006,
  "鬼切": 73.91304348,
  "白藏主": 60.3960396,
  "少羽大天狗": 52.63157895,
  "桔梗": 72.72727273,
  "人面树": 61.9047619,
  "於菊虫": 40.90909091,
  "薰": 47.82608696,
  "炼狱茨木童子": 50,
  "一反木绵": 66.66666667,
  "入殓师": 58.62068966,
  "八岐大蛇": 80,
  "苍风一目连": 100,
  "稻荷神御馔津": 50,
  "化鲸": 66.66666667,
  "天井下": 77.77777778
}
