{
  "杀生丸": 74.33716032,
  "惠比寿": 65,
  "日和坊": 74.44204464,
  "跳跳哥哥": 62.98726575,
  "樱花妖": 58.66800991,
  "匣中少女": 66.39344262,
  "山风": 56.66728568,
  "追月神": 60.64356436,
  "彼岸花": 59.21052632,
  "百目鬼": 59.64093357,
  "犬神": 62.94642857,
  "酒吞童子": 62.88659794,
  "小松丸": 55.0802139,
  "蜜桃&芥子": 53.38983051,
  "数珠": 55.55555556,
  "荒": 61.64383562,
  "花鸟卷": 58.1300813,
  "面灵气": 52.18702866,
  "大天狗": 53.44827586,
  "黑童子": 53.07073274,
  "山童": 54.33789954,
  "金鱼姬": 58.47457627,
  "镰鼬": 48.30977259,
  "清姬": 53.96435157,
  "辉夜姬": 54.73441109,
  "万年竹": 52.91005291,
  "以津真天": 54.42011354,
  "骨女": 48.68421053,
  "妖刀姬": 53.06122449,
  "蝴蝶精": 64.51848298,
  "青行灯": 64.51612903,
  "书翁": 54.65525918,
  "食梦貘": 54.02843602,
  "茨木童子": 44.07514451,
  "玉藻前": 53.92156863,
  "雪童子": 50.2617801,
  "雪女": 53.92156863,
  "九命猫": 46.31578947,
  "小鹿男": 51.25977411,
  "络新妇": 45.61403509,
  "白童子": 58.60178204,
  "跳跳弟弟": 40,
  "雨女": 49.15254237,
  "巫蛊师": 47.58064516,
  "烟烟罗": 45.37037037,
  "判官": 50.28712499,
  "般若": 49.56300073,
  "三尾狐": 54.13711584,
  "童女": 50,
  "两面佛": 57.71838851,
  "奴良陆生": 47.15909091,
  "海坊主": 44.53954125,
  "独眼小僧": 45.79439252,
  "食发鬼": 47.95918367,
  "鬼使黑": 46.95652174,
  "椒图": 42.73684211,
  "一目连": 51.32743363,
  "虫师": 46.0251046,
  "姑获鸟": 45.61403509,
  "桃花妖": 41.78571429,
  "兵俑": 45.16129032,
  "阎魔": 47.33727811,
  "武士之灵": 43.7994723,
  "兔丸": 41.55844156,
  "山兔": 47.9338843,
  "首无": 45.79439252,
  "白狼": 39.67446592,
  "鬼女红叶": 42.58982036,
  "阿香": 42.93785311,
  "妖琴师": 42.20183486,
  "座敷童子": 47.24220624,
  "鬼使白": 46.22215607,
  "古笼火": 41.37931034,
  "卖药郎": 47.99521439,
  "鸩": 60.78345791,
  "跳跳妹妹": 41.80327869,
  "犬夜叉": 46.7062358,
  "吸血姬": 45.20069808,
  "弈": 44.24778761,
  "鸦天狗": 43.33333333,
  "河童": 45.13274336,
  "鲤鱼精": 41.65875089,
  "觉": 39.83739837,
  "狸猫": 47.56833511,
  "管狐": 39.73436635,
  "青坊主": 42.85714286,
  "丑时之女": 39.50617284,
  "夜叉": 39.56043956,
  "小袖之手": 51.67204439,
  "青蛙瓷器": 41.81818182,
  "童男": 45.30059272,
  "妖狐": 37.23404255,
  "萤草": 45.37876387,
  "凤凰火": 37.75100402,
  "荒川之主": 43.63057325,
  "傀儡师": 34.40860215,
  "御馔津": 40.84507042,
  "铁鼠": 34.42622951,
  "鬼灯": 33.90804598,
  "孟婆": 37.22222222,
  "二口女": 33.04347826,
  "饿鬼": 29.3064877,
  "鬼切": 68.75,
  "白藏主": 59.49601367,
  "少羽大天狗": 48.14814815,
  "桔梗": 73.33333333,
  "人面树": 56.66666667,
  "於菊虫": 41.46341463,
  "薰": 50.38580247,
  "炼狱茨木童子": 50,
  "一反木绵": 59.09090909,
  "入殓师": 58.18540434,
  "八岐大蛇": 80,
  "苍风一目连": 63.76146789,
  "稻荷神御馔津": 43.80403458,
  "化鲸": 33.7883959,
  "天井下": 73.80952381,
  "不知火": 80,
  "御怨般若": 77.32793522,
  "久次良": 54.54545455,
  "大岳丸": 72.72727273,
  "海忍": 60,
  "赤影妖刀姬": 50,
  "骁浪荒川之主": 50,
  "蟹姬": 50,
  "朽木露琪亚": 50,
  "黑崎一护": 50,
  "泷夜叉姬": 50,
  "烬天玉藻前": 50,
  "纸舞": 50,
  "鬼王酒吞童子": 50,
  "星熊童子": 50
}