{
  "杀生丸": 71.69872663,
  "惠比寿": 63.2,
  "日和坊": 71.68004941,
  "跳跳哥哥": 63.07765945,
  "樱花妖": 56.30633308,
  "匣中少女": 62.41610738,
  "山风": 57.8977506,
  "追月神": 61.1738149,
  "彼岸花": 58.82352941,
  "百目鬼": 59.70238095,
  "犬神": 59.84349259,
  "酒吞童子": 62.61682243,
  "小松丸": 53.22715842,
  "蜜桃&芥子": 52.09125475,
  "数珠": 55.33536585,
  "荒": 63.85542169,
  "花鸟卷": 59.25925926,
  "面灵气": 58.14217662,
  "大天狗": 53.63565285,
  "黑童子": 53.00214439,
  "山童": 53.68852459,
  "金鱼姬": 55.46875,
  "镰鼬": 49.33382004,
  "清姬": 53.09056061,
  "辉夜姬": 55.29661017,
  "万年竹": 52.42718447,
  "以津真天": 55.29733424,
  "骨女": 46.59090909,
  "妖刀姬": 53.77358491,
  "蝴蝶精": 67.12993491,
  "青行灯": 61.57786885,
  "书翁": 52.89462724,
  "食梦貘": 52.13675214,
  "茨木童子": 41.47831399,
  "玉藻前": 54.95495495,
  "雪童子": 50,
  "雪女": 51.98237885,
  "九命猫": 48.18181818,
  "小鹿男": 49.36329588,
  "络新妇": 44.35483871,
  "白童子": 50.56059797,
  "跳跳弟弟": 39.04761905,
  "雨女": 49.26108374,
  "巫蛊师": 47.36842105,
  "烟烟罗": 44.36090226,
  "判官": 54.44938153,
  "般若": 47.13533602,
  "三尾狐": 52.77777778,
  "童女": 51.21107266,
  "两面佛": 55.76086957,
  "奴良陆生": 48.10810811,
  "海坊主": 43.67211299,
  "独眼小僧": 45.6,
  "食发鬼": 47.72036474,
  "鬼使黑": 47.28682171,
  "椒图": 45.72944297,
  "一目连": 52.23880597,
  "虫师": 45.94594595,
  "姑获鸟": 45.3125,
  "桃花妖": 42.60869565,
  "兵俑": 46.41350211,
  "阎魔": 47.05882353,
  "武士之灵": 42.54207777,
  "兔丸": 41.17647059,
  "山兔": 49.22316384,
  "首无": 45.03816794,
  "白狼": 40.9455843,
  "鬼女红叶": 42.43176179,
  "阿香": 42.1319797,
  "妖琴师": 40.83333333,
  "座敷童子": 47.80701754,
  "鬼使白": 44.7372606,
  "古笼火": 40.90909091,
  "卖药郎": 47.22490293,
  "鸩": 58.32036779,
  "跳跳妹妹": 42.7480916,
  "犬夜叉": 47.62633997,
  "吸血姬": 41.543901,
  "弈": 43.65079365,
  "鸦天狗": 44.06698565,
  "河童": 44,
  "鲤鱼精": 46.9660813,
  "觉": 38.34586466,
  "狸猫": 45.80408911,
  "管狐": 38.8862218,
  "青坊主": 42.42424242,
  "丑时之女": 37.21535459,
  "夜叉": 38.67924528,
  "小袖之手": 42.24871356,
  "青蛙瓷器": 40.32258065,
  "童男": 44.27480916,
  "妖狐": 37.27865797,
  "萤草": 45.03423802,
  "凤凰火": 38.78326996,
  "荒川之主": 40.16736402,
  "傀儡师": 33,
  "御馔津": 40.34334764,
  "铁鼠": 35.76642336,
  "鬼灯": 35.71428571,
  "孟婆": 38.06791009,
  "二口女": 33.05785124,
  "饿鬼": 32.58655804,
  "鬼切": 63.15789474,
  "白藏主": 55.65973695,
  "少羽大天狗": 47.22222222,
  "桔梗": 68.18181818,
  "人面树": 55.69620253,
  "於菊虫": 56.8627451,
  "薰": 62.62723669,
  "炼狱茨木童子": 50,
  "一反木绵": 54.54545455,
  "入殓师": 57.00325733,
  "八岐大蛇": 71.42857143,
  "苍风一目连": 50.96685083,
  "稻荷神御馔津": 35.26011561,
  "化鲸": 44.66891134,
  "天井下": 67.90123457,
  "不知火": 86.36363636,
  "御怨般若": 76.57534247,
  "久次良": 62.96296296,
  "大岳丸": 69.56521739,
  "海忍": 63.15789474,
  "赤影妖刀姬": 66.66666667,
  "骁浪荒川之主": 50,
  "蟹姬": 75.4601227,
  "朽木露琪亚": 57.14285714,
  "黑崎一护": 67.58280479,
  "泷夜叉姬": 53.33333333,
  "烬天玉藻前": 50,
  "纸舞": 56,
  "鬼王酒吞童子": 87.29281768,
  "星熊童子": 61.11111111,
  "天剑韧心鬼切": 50,
  "聆海金鱼姬": 50,
  "浮世青行灯": 50,
  "云外镜": 50,
  "鬼童丸": 50,
  "缘结神": 50,
  "铃鹿御前": 50,
  "风狸": 50
}
