{
  "杀生丸": 73.16462256,
  "惠比寿": 65.43778802,
  "日和坊": 74.64008859,
  "跳跳哥哥": 62.43474335,
  "樱花妖": 62.64119453,
  "匣中少女": 65.83333333,
  "山风": 56.66728568,
  "追月神": 60.8478803,
  "彼岸花": 59.45945946,
  "百目鬼": 61.15611193,
  "犬神": 63.06306306,
  "酒吞童子": 64.21052632,
  "小松丸": 55.13513514,
  "蜜桃&芥子": 53.64806867,
  "数珠": 55.62130178,
  "荒": 61.11111111,
  "花鸟卷": 58.19672131,
  "面灵气": 50.48622366,
  "大天狗": 53.44827586,
  "黑童子": 53.66492147,
  "山童": 54.88372093,
  "金鱼姬": 60,
  "镰鼬": 48.74551971,
  "清姬": 51.92554557,
  "辉夜姬": 54.52436195,
  "万年竹": 53.19148936,
  "以津真天": 53.55371901,
  "骨女": 48,
  "妖刀姬": 53.60824742,
  "蝴蝶精": 63.80528278,
  "青行灯": 64.16666667,
  "书翁": 54.12423625,
  "食梦貘": 53.84615385,
  "茨木童子": 43.13005143,
  "玉藻前": 53.92156863,
  "雪童子": 51.07526882,
  "雪女": 53.23383085,
  "九命猫": 46.23655914,
  "小鹿男": 51.25977411,
  "络新妇": 45.53571429,
  "白童子": 58.88181175,
  "跳跳弟弟": 40.65934066,
  "雨女": 49.42528736,
  "巫蛊师": 47.54098361,
  "烟烟罗": 45.19230769,
  "判官": 47.29445235,
  "般若": 49.13698127,
  "三尾狐": 52.41210139,
  "童女": 50.38461538,
  "两面佛": 57.32689211,
  "奴良陆生": 46.85714286,
  "海坊主": 45.98798162,
  "独眼小僧": 46.07843137,
  "食发鬼": 47.94520548,
  "鬼使黑": 47.32142857,
  "椒图": 45.68642161,
  "一目连": 51.78571429,
  "虫师": 45.79831933,
  "姑获鸟": 44.95412844,
  "桃花妖": 41.17647059,
  "兵俑": 45.5399061,
  "阎魔": 46.38554217,
  "武士之灵": 42.93369056,
  "兔丸": 41.55844156,
  "山兔": 47.28033473,
  "首无": 45.54455446,
  "白狼": 39.67446592,
  "鬼女红叶": 41.58415842,
  "阿香": 43.18181818,
  "妖琴师": 42.05607477,
  "座敷童子": 47.58454106,
  "鬼使白": 44.77277359,
  "古笼火": 42.10526316,
  "卖药郎": 47.99521439,
  "鸩": 61.22521879,
  "跳跳妹妹": 42.14876033,
  "犬夜叉": 50.63150369,
  "吸血姬": 45.49356223,
  "弈": 44.54545455,
  "鸦天狗": 41.89636163,
  "河童": 45.45454545,
  "鲤鱼精": 41.0997086,
  "觉": 39.3442623,
  "狸猫": 47.0392302,
  "管狐": 40.52478134,
  "青坊主": 42.46575342,
  "丑时之女": 39.50617284,
  "夜叉": 39.56043956,
  "小袖之手": 49.56521404,
  "青蛙瓷器": 41.81818182,
  "童男": 44.21416235,
  "妖狐": 37.77777778,
  "萤草": 44.82954823,
  "凤凰火": 37.5,
  "荒川之主": 43.30357143,
  "傀儡师": 35.55555556,
  "御馔津": 41.14832536,
  "铁鼠": 35.04273504,
  "鬼灯": 32.93413174,
  "孟婆": 37.64044944,
  "二口女": 32.14285714,
  "饿鬼": 29.37922557,
  "鬼切": 68.75,
  "白藏主": 56.19707467,
  "少羽大天狗": 48.14814815,
  "桔梗": 71.42857143,
  "人面树": 56.36363636,
  "於菊虫": 37.57225434,
  "薰": 42.57219411,
  "炼狱茨木童子": 50,
  "一反木绵": 60,
  "入殓师": 62.10045662,
  "八岐大蛇": 78.57142857,
  "苍风一目连": 80,
  "稻荷神御馔津": 43.80403458,
  "化鲸": 44.19642857,
  "天井下": 72.97297297,
  "不知火": 80,
  "御怨般若": 72.13930348,
  "久次良": 44.44444444,
  "大岳丸": 70,
  "海忍": 60,
  "赤影妖刀姬": 50,
  "骁浪荒川之主": 0,
  "蟹姬": 50,
  "朽木露琪亚": 50,
  "黑崎一护": 50,
  "泷夜叉姬": 50,
  "烬天玉藻前": 50,
  "纸舞": 50,
  "鬼王酒吞童子": 50,
  "星熊童子": 50
}
