{
  "杀生丸": 81.25,
  "惠比寿": 68.02030457,
  "日和坊": 73.96226415,
  "跳跳哥哥": 63.14606742,
  "樱花妖": 65.23178808,
  "匣中少女": 67.9245283,
  "山风": 65.68265683,
  "追月神": 60.96256684,
  "彼岸花": 59.42028986,
  "百目鬼": 61.41078838,
  "犬神": 62.25490196,
  "酒吞童子": 64.04494382,
  "小松丸": 54.87804878,
  "蜜桃&芥子": 55.98086124,
  "数珠": 55.27950311,
  "荒": 60.29411765,
  "花鸟卷": 58.44155844,
  "面灵气": 58.18181818,
  "大天狗": 54.62962963,
  "黑童子": 54.62962963,
  "山童": 56.12244898,
  "金鱼姬": 59.25925926,
  "镰鼬": 48.57685009,
  "清姬": 54.83870968,
  "辉夜姬": 54.47941889,
  "万年竹": 52.43243243,
  "以津真天": 52.89256198,
  "骨女": 53.96825397,
  "妖刀姬": 53.76344086,
  "蝴蝶精": 68.33277424,
  "青行灯": 61.29032258,
  "书翁": 54.7826087,
  "食梦貘": 53.84615385,
  "茨木童子": 42.85714286,
  "玉藻前": 53.125,
  "雪童子": 49.7005988,
  "雪女": 52.7173913,
  "九命猫": 46.25,
  "小鹿男": 51,
  "络新妇": 45.87155963,
  "白童子": 53.48837209,
  "跳跳弟弟": 40.22988506,
  "雨女": 50.625,
  "巫蛊师": 48.27586207,
  "烟烟罗": 44.68085106,
  "判官": 45.62211982,
  "般若": 49.36708861,
  "三尾狐": 55.55555556,
  "童女": 50.41666667,
  "两面佛": 57.33788396,
  "奴良陆生": 46.70658683,
  "海坊主": 46.5034965,
  "独眼小僧": 47.72727273,
  "食发鬼": 49.27536232,
  "鬼使黑": 47.16981132,
  "椒图": 46.01769912,
  "一目连": 52.63157895,
  "虫师": 46.05263158,
  "姑获鸟": 44.89795918,
  "桃花妖": 42.01680672,
  "兵俑": 45.12820513,
  "阎魔": 43.87096774,
  "武士之灵": 41.21621622,
  "兔丸": 41.66666667,
  "山兔": 47.00460829,
  "首无": 44.21052632,
  "白狼": 40.65934066,
  "鬼女红叶": 35.8974359,
  "阿香": 43.63636364,
  "妖琴师": 41.30434783,
  "座敷童子": 46.63212435,
  "鬼使白": 45.77205882,
  "古笼火": 42.45283019,
  "卖药郎": 44.11764706,
  "鸩": 62.87878788,
  "跳跳妹妹": 42.59259259,
  "犬夜叉": 52.77777778,
  "吸血姬": 47.27891156,
  "弈": 43.87755102,
  "鸦天狗": 40.22346369,
  "河童": 43.43434343,
  "鲤鱼精": 41.31736527,
  "觉": 40,
  "狸猫": 48.21428571,
  "管狐": 37.89473684,
  "青坊主": 43.06569343,
  "丑时之女": 36.69724771,
  "夜叉": 39.02439024,
  "小袖之手": 41.86046512,
  "青蛙瓷器": 40.59405941,
  "童男": 39.79591837,
  "妖狐": 37.80487805,
  "萤草": 43.14002829,
  "凤凰火": 36.7965368,
  "荒川之主": 38.75,
  "傀儡师": 35.52631579,
  "御馔津": 42.63959391,
  "铁鼠": 33.96226415,
  "鬼灯": 32.19178082,
  "孟婆": 38.46153846,
  "二口女": 31.06796117,
  "饿鬼": 29.48717949,
  "鬼切": 76.19047619,
  "白藏主": 51.80722892,
  "少羽大天狗": 52.63157895,
  "桔梗": 66,
  "人面树": 62.5,
  "於菊虫": 36.84210526,
  "薰": 50,
  "炼狱茨木童子": 66,
  "一反木绵": 63.63636364,
  "入殓师": 59.25925926,
  "八岐大蛇": 60,
  "苍风一目连": 55,
  "稻荷神御馔津": 50,
  "化鲸": 55,
  "天井下": 68
}
