{
  "杀生丸": 73.81457101,
  "惠比寿": 63.1147541,
  "日和坊": 72.44068898,
  "跳跳哥哥": 64.6371998,
  "樱花妖": 57.72020957,
  "匣中少女": 62.5,
  "山风": 54.68424113,
  "追月神": 60.6557377,
  "彼岸花": 60.49382716,
  "百目鬼": 58.39324789,
  "犬神": 60.61890632,
  "酒吞童子": 62.26415094,
  "小松丸": 55.36181343,
  "蜜桃&芥子": 52.94117647,
  "数珠": 55.59701493,
  "荒": 62.5,
  "花鸟卷": 59.62264151,
  "面灵气": 59.11694844,
  "大天狗": 52.7866242,
  "黑童子": 53.55944838,
  "山童": 53.33333333,
  "金鱼姬": 56.4516129,
  "镰鼬": 49.0815155,
  "清姬": 54.14394766,
  "辉夜姬": 55.36105033,
  "万年竹": 52.23880597,
  "以津真天": 56.38450502,
  "骨女": 48.19277108,
  "妖刀姬": 52.94117647,
  "蝴蝶精": 66.75990423,
  "青行灯": 64.36781609,
  "书翁": 52.05479452,
  "食梦貘": 51.75438596,
  "茨木童子": 40.64436183,
  "玉藻前": 54.12844037,
  "雪童子": 50.24154589,
  "雪女": 52.05479452,
  "九命猫": 47.11538462,
  "小鹿男": 51.21136174,
  "络新妇": 44.62809917,
  "白童子": 53.34517466,
  "跳跳弟弟": 39.6039604,
  "雨女": 49.23076923,
  "巫蛊师": 47.69230769,
  "烟烟罗": 44.35483871,
  "判官": 55.88185005,
  "般若": 48.51769206,
  "三尾狐": 55.36602701,
  "童女": 50.35971223,
  "两面佛": 56.3359346,
  "奴良陆生": 47.22222222,
  "海坊主": 44.7642376,
  "独眼小僧": 44.62809917,
  "食发鬼": 47.00315457,
  "鬼使黑": 47.15447154,
  "椒图": 45.99767981,
  "一目连": 52,
  "虫师": 46.58634538,
  "姑获鸟": 44.8,
  "桃花妖": 43.07692308,
  "兵俑": 46.05263158,
  "阎魔": 47.8021978,
  "武士之灵": 42.92623942,
  "兔丸": 40.96385542,
  "山兔": 47.84761905,
  "首无": 44.71544715,
  "白狼": 42.69767442,
  "鬼女红叶": 43.48684211,
  "阿香": 42.1875,
  "妖琴师": 41.17647059,
  "座敷童子": 47.87472036,
  "鬼使白": 43.91703983,
  "古笼火": 41.08527132,
  "卖药郎": 48.26908664,
  "鸩": 57.82810139,
  "跳跳妹妹": 43.30708661,
  "犬夜叉": 47.32774508,
  "吸血姬": 42.29948155,
  "弈": 43.80165289,
  "鸦天狗": 44.43344879,
  "河童": 44.62809917,
  "鲤鱼精": 44.18025103,
  "觉": 37.40458015,
  "狸猫": 47.08505894,
  "管狐": 38.63524791,
  "青坊主": 41.61490683,
  "丑时之女": 38.60759494,
  "夜叉": 39.42307692,
  "小袖之手": 46.90866059,
  "青蛙瓷器": 41.17647059,
  "童男": 43.24683965,
  "妖狐": 38,
  "萤草": 45.00128017,
  "凤凰火": 38.22393822,
  "荒川之主": 38.54351687,
  "傀儡师": 33.33333333,
  "御馔津": 40.52863436,
  "铁鼠": 35.11450382,
  "鬼灯": 34.73684211,
  "孟婆": 38.40245776,
  "二口女": 33.33333333,
  "饿鬼": 29.63821892,
  "鬼切": 65.71428571,
  "白藏主": 55.9257285,
  "少羽大天狗": 50,
  "桔梗": 65,
  "人面树": 55.40540541,
  "於菊虫": 53.89221557,
  "薰": 63.80976339,
  "炼狱茨木童子": 51.72413793,
  "一反木绵": 56.66666667,
  "入殓师": 59.4292804,
  "八岐大蛇": 75,
  "苍风一目连": 51.10759494,
  "稻荷神御馔津": 35.47351525,
  "化鲸": 48.0994152,
  "天井下": 68.57142857,
  "不知火": 83.33333333,
  "御怨般若": 81.31868132,
  "久次良": 57.14285714,
  "大岳丸": 70.58823529,
  "海忍": 68.75,
  "赤影妖刀姬": 75,
  "骁浪荒川之主": 44.44444444,
  "蟹姬": 77.77777778,
  "朽木露琪亚": 60,
  "黑崎一护": 65.15151515,
  "泷夜叉姬": 50,
  "烬天玉藻前": 44.44444444,
  "纸舞": 55,
  "鬼王酒吞童子": 80,
  "星熊童子": 57.14285714,
  "天剑韧心鬼切": 50
}