{
  "杀生丸": 70.52221596,
  "惠比寿": 63.24110672,
  "日和坊": 71.27945124,
  "跳跳哥哥": 64.42866365,
  "樱花妖": 56.05262658,
  "匣中少女": 62.98701299,
  "山风": 58.93456791,
  "追月神": 60.53147462,
  "彼岸花": 59.77011494,
  "百目鬼": 58.77699317,
  "犬神": 58.57142857,
  "酒吞童子": 62.96296296,
  "小松丸": 53.22715842,
  "蜜桃&芥子": 51.68539326,
  "数珠": 55.85133099,
  "荒": 63.52941176,
  "花鸟卷": 59.27272727,
  "面灵气": 57.83829547,
  "大天狗": 53.63565285,
  "黑童子": 52.57001063,
  "山童": 54.06504065,
  "金鱼姬": 55.03875969,
  "镰鼬": 49.12758997,
  "清姬": 51.39146568,
  "辉夜姬": 55.25773196,
  "万年竹": 52.17391304,
  "以津真天": 51.56807751,
  "骨女": 46.59090909,
  "妖刀姬": 53.21100917,
  "蝴蝶精": 67.56155169,
  "青行灯": 59.11131059,
  "书翁": 52.78780586,
  "食梦貘": 51.91489362,
  "茨木童子": 40.3446227,
  "玉藻前": 54.46428571,
  "雪童子": 50.23255814,
  "雪女": 52.19298246,
  "九命猫": 48.18181818,
  "小鹿男": 48.52724595,
  "络新妇": 44.8,
  "白童子": 50.54715998,
  "跳跳弟弟": 38.67924528,
  "雨女": 49.26829268,
  "巫蛊师": 47.36842105,
  "烟烟罗": 44.7761194,
  "判官": 54.98081517,
  "般若": 47.17557252,
  "三尾狐": 51.96797865,
  "童女": 51.36054422,
  "两面佛": 55.76086957,
  "奴良陆生": 48.10810811,
  "海坊主": 42.32420827,
  "独眼小僧": 46.03174603,
  "食发鬼": 47.28915663,
  "鬼使黑": 46.96969697,
  "椒图": 45.95639944,
  "一目连": 52.94117647,
  "虫师": 46.36015326,
  "姑获鸟": 45.3125,
  "桃花妖": 42.81609195,
  "兵俑": 45.8677686,
  "阎魔": 47.08994709,
  "武士之灵": 42.54207777,
  "兔丸": 41.17647059,
  "山兔": 48.84522578,
  "首无": 45.03816794,
  "白狼": 40.9455843,
  "鬼女红叶": 42.43176179,
  "阿香": 42.1319797,
  "妖琴师": 41.32231405,
  "座敷童子": 47.95698925,
  "鬼使白": 44.20598931,
  "古笼火": 40.90909091,
  "卖药郎": 47.22490293,
  "鸩": 57.96167977,
  "跳跳妹妹": 42.42424242,
  "犬夜叉": 45.10627657,
  "吸血姬": 40.98837209,
  "弈": 43.65079365,
  "鸦天狗": 44.06698565,
  "河童": 43.65079365,
  "鲤鱼精": 48.62889205,
  "觉": 38.80597015,
  "狸猫": 45.80408911,
  "管狐": 38.46153846,
  "青坊主": 42.42424242,
  "丑时之女": 38.48069738,
  "夜叉": 39.44954128,
  "小袖之手": 42.24871356,
  "青蛙瓷器": 40.47619048,
  "童男": 44.27480916,
  "妖狐": 37.27865797,
  "萤草": 44.23330471,
  "凤凰火": 38.78326996,
  "荒川之主": 40.16736402,
  "傀儡师": 33.66336634,
  "御馔津": 40.34334764,
  "铁鼠": 35.50724638,
  "鬼灯": 36.18090452,
  "孟婆": 37.24847918,
  "二口女": 32.78688525,
  "饿鬼": 32.58655804,
  "鬼切": 60,
  "白藏主": 53.26863732,
  "少羽大天狗": 50.39164491,
  "桔梗": 65.2173913,
  "人面树": 55,
  "於菊虫": 56.8627451,
  "薰": 57.23646699,
  "炼狱茨木童子": 50,
  "一反木绵": 52.94117647,
  "入殓师": 58.05084746,
  "八岐大蛇": 72.72727273,
  "苍风一目连": 50.81206497,
  "稻荷神御馔津": 38.10775296,
  "化鲸": 47.5076297,
  "天井下": 67.81609195,
  "不知火": 80,
  "御怨般若": 79.19708029,
  "久次良": 63.33333333,
  "大岳丸": 64,
  "海忍": 57.69230769,
  "赤影妖刀姬": 66.66666667,
  "骁浪荒川之主": 46.15384615,
  "蟹姬": 79.06976744,
  "朽木露琪亚": 62.5,
  "黑崎一护": 67.58280479,
  "泷夜叉姬": 55.55555556,
  "烬天玉藻前": 53.84615385,
  "纸舞": 56,
  "鬼王酒吞童子": 74.72527473,
  "星熊童子": 63.15789474,
  "天剑韧心鬼切": 66.66666667,
  "聆海金鱼姬": 45,
  "浮世青行灯": 50,
  "云外镜": 45,
  "鬼童丸": 60,
  "缘结神": 60,
  "铃鹿御前": 50,
  "风狸": 50,
  "猫掌柜": 50
}