{
  "杀生丸": 71.27119163,
  "惠比寿": 64.3776824,
  "日和坊": 73.49438585,
  "跳跳哥哥": 63.65474502,
  "樱花妖": 60.09472356,
  "匣中少女": 64.44444444,
  "山风": 64.28101064,
  "追月神": 60.43165468,
  "彼岸花": 59.74025974,
  "百目鬼": 58.77164325,
  "犬神": 62.83185841,
  "酒吞童子": 62.5,
  "小松丸": 53.73062016,
  "蜜桃&芥子": 53.03643725,
  "数珠": 55.24861878,
  "荒": 62.82051282,
  "花鸟卷": 59.05511811,
  "面灵气": 53.24594257,
  "大天狗": 52.89256198,
  "黑童子": 53.33068993,
  "山童": 53.94736842,
  "金鱼姬": 57.37704918,
  "镰鼬": 49.05660377,
  "清姬": 54.95750708,
  "辉夜姬": 55.25727069,
  "万年竹": 52.30769231,
  "以津真天": 54.11320755,
  "骨女": 47.5,
  "妖刀姬": 52.47524752,
  "蝴蝶精": 65.45859431,
  "青行灯": 64.23357664,
  "书翁": 53.85347288,
  "食梦貘": 52.67857143,
  "茨木童子": 40.69379586,
  "玉藻前": 55.14018692,
  "雪童子": 50.25125628,
  "雪女": 52.31481481,
  "九命猫": 48.51485149,
  "小鹿男": 50.25553663,
  "络新妇": 44.44444444,
  "白童子": 55.78144854,
  "跳跳弟弟": 39.17525773,
  "雨女": 48.64864865,
  "巫蛊师": 48.0620155,
  "烟烟罗": 46.15384615,
  "判官": 56.16045845,
  "般若": 48.08074123,
  "三尾狐": 53.06427504,
  "童女": 49.62962963,
  "两面佛": 56.3359346,
  "奴良陆生": 46.89265537,
  "海坊主": 45.19792343,
  "独眼小僧": 44.73684211,
  "食发鬼": 47.55700326,
  "鬼使黑": 47.10743802,
  "椒图": 44.19924338,
  "一目连": 51.23966942,
  "虫师": 46.28099174,
  "姑获鸟": 44.62809917,
  "桃花妖": 42.57425743,
  "兵俑": 46.01769912,
  "阎魔": 48.02259887,
  "武士之灵": 44.15422886,
  "兔丸": 40.74074074,
  "山兔": 48.4,
  "首无": 44.53781513,
  "白狼": 41.44486692,
  "鬼女红叶": 43.96967609,
  "阿香": 42.39130435,
  "妖琴师": 40.51724138,
  "座敷童子": 47.36842105,
  "鬼使白": 45.62348505,
  "古笼火": 41.46341463,
  "卖药郎": 46.16895383,
  "鸩": 59.38477979,
  "跳跳妹妹": 42.85714286,
  "犬夜叉": 43.7924253,
  "吸血姬": 42.90364583,
  "弈": 43.47826087,
  "鸦天狗": 45.36029031,
  "河童": 45.37815126,
  "鲤鱼精": 45.62393846,
  "觉": 37.98449612,
  "狸猫": 47.7518871,
  "管狐": 39.4989339,
  "青坊主": 42.03821656,
  "丑时之女": 39.54887218,
  "夜叉": 40.4040404,
  "小袖之手": 51.34150767,
  "青蛙瓷器": 41.02564103,
  "童男": 45.00745156,
  "妖狐": 36.08247423,
  "萤草": 45.80117498,
  "凤凰火": 37.79527559,
  "荒川之主": 39.74854932,
  "傀儡师": 33.67346939,
  "御馔津": 40.54054054,
  "铁鼠": 34.375,
  "鬼灯": 34.23913043,
  "孟婆": 38.21989529,
  "二口女": 33.61344538,
  "饿鬼": 30.52527255,
  "鬼切": 67.64705882,
  "白藏主": 54.16278829,
  "少羽大天狗": 48.27586207,
  "桔梗": 72.22222222,
  "人面树": 54.28571429,
  "於菊虫": 50.52083333,
  "薰": 71.58052954,
  "炼狱茨木童子": 46.15384615,
  "一反木绵": 55.17241379,
  "入殓师": 56.43410853,
  "八岐大蛇": 83.33333333,
  "苍风一目连": 49.04458599,
  "稻荷神御馔津": 34.4488189,
  "化鲸": 49.73637961,
  "天井下": 70.68965517,
  "不知火": 83.33333333,
  "御怨般若": 78.17679558,
  "久次良": 58.82352941,
  "大岳丸": 75,
  "海忍": 61.53846154,
  "赤影妖刀姬": 71.42857143,
  "骁浪荒川之主": 33.33333333,
  "蟹姬": 75,
  "朽木露琪亚": 66.66666667,
  "黑崎一护": 100,
  "泷夜叉姬": 50,
  "烬天玉藻前": 50,
  "纸舞": 46.66666667,
  "鬼王酒吞童子": 79.46428571,
  "星熊童子": 70,
  "天剑韧心鬼切": 50
}