{
  "杀生丸": 81.25,
  "惠比寿": 68.18181818,
  "日和坊": 74.25373134,
  "跳跳哥哥": 63.87665198,
  "樱花妖": 65.90909091,
  "匣中少女": 67.28971963,
  "山风": 65.68265683,
  "追月神": 60.96256684,
  "彼岸花": 59.42028986,
  "百目鬼": 61.41078838,
  "犬神": 62.43902439,
  "酒吞童子": 64.04494382,
  "小松丸": 55.15151515,
  "蜜桃&芥子": 55.98086124,
  "数珠": 54.9382716,
  "荒": 60.29411765,
  "花鸟卷": 58.44155844,
  "面灵气": 58.18181818,
  "大天狗": 55.04587156,
  "黑童子": 53.88127854,
  "山童": 55.83756345,
  "金鱼姬": 59.63302752,
  "镰鼬": 48.30188679,
  "清姬": 53.79746835,
  "辉夜姬": 54.47941889,
  "万年竹": 52.43243243,
  "以津真天": 54.03225806,
  "骨女": 53.125,
  "妖刀姬": 53.76344086,
  "蝴蝶精": 65.69478908,
  "青行灯": 61.45833333,
  "书翁": 54.7826087,
  "食梦貘": 53.8071066,
  "茨木童子": 42.03821656,
  "玉藻前": 52.57731959,
  "雪童子": 50,
  "雪女": 52.15053763,
  "九命猫": 46.91358025,
  "小鹿男": 49.51456311,
  "络新妇": 45.87155963,
  "白童子": 53.48837209,
  "跳跳弟弟": 40.22988506,
  "雨女": 50.31055901,
  "巫蛊师": 48.27586207,
  "烟烟罗": 44.68085106,
  "判官": 45.62211982,
  "般若": 48.9626556,
  "三尾狐": 54.26356589,
  "童女": 50.41322314,
  "两面佛": 57.77027027,
  "奴良陆生": 46.70658683,
  "海坊主": 46.5034965,
  "独眼小僧": 47.72727273,
  "食发鬼": 49.45848375,
  "鬼使黑": 47.16981132,
  "椒图": 47.4137931,
  "一目连": 53.125,
  "虫师": 45.65217391,
  "姑获鸟": 44,
  "桃花妖": 41.66666667,
  "兵俑": 45.45454545,
  "阎魔": 44.23076923,
  "武士之灵": 41.55844156,
  "兔丸": 41.66666667,
  "山兔": 46.78899083,
  "首无": 44.32989691,
  "白狼": 40.2173913,
  "鬼女红叶": 34.14634146,
  "阿香": 43.63636364,
  "妖琴师": 41.05263158,
  "座敷童子": 46.77002584,
  "鬼使白": 46.65461121,
  "古笼火": 42.05607477,
  "卖药郎": 46.15384615,
  "鸩": 62.97322253,
  "跳跳妹妹": 43.24324324,
  "犬夜叉": 56.41025641,
  "吸血姬": 47.27891156,
  "弈": 43.43434343,
  "鸦天狗": 41.20879121,
  "河童": 43.43434343,
  "鲤鱼精": 40.9495549,
  "觉": 40,
  "狸猫": 47.70318021,
  "管狐": 37.89473684,
  "青坊主": 43.06569343,
  "丑时之女": 38.39285714,
  "夜叉": 39.02439024,
  "小袖之手": 41.86046512,
  "青蛙瓷器": 40.59405941,
  "童男": 40.4040404,
  "妖狐": 37.80487805,
  "萤草": 43.38028169,
  "凤凰火": 36.7965368,
  "荒川之主": 40.96385542,
  "傀儡师": 35.06493506,
  "御馔津": 42.63959391,
  "铁鼠": 34.57943925,
  "鬼灯": 32.65306122,
  "孟婆": 38.21656051,
  "二口女": 30.76923077,
  "饿鬼": 29.48717949,
  "鬼切": 72.72727273,
  "白藏主": 51.80722892,
  "少羽大天狗": 52.63157895,
  "桔梗": 66,
  "人面树": 61.9047619,
  "於菊虫": 36.84210526,
  "薰": 47.82608696,
  "炼狱茨木童子": 58.33333333,
  "一反木绵": 66.66666667,
  "入殓师": 58.62068966,
  "八岐大蛇": 66,
  "苍风一目连": 60,
  "稻荷神御馔津": 54.54545455,
  "化鲸": 60,
  "天井下": 70
}
