{
  "杀生丸": 83.27359618,
  "惠比寿": 66.17647059,
  "日和坊": 74.37763309,
  "跳跳哥哥": 61.81590482,
  "樱花妖": 66.688,
  "匣中少女": 66.66666667,
  "山风": 58.49809038,
  "追月神": 60.9947644,
  "彼岸花": 60,
  "百目鬼": 61.47540984,
  "犬神": 62.44131455,
  "酒吞童子": 64.44444444,
  "小松丸": 55.55555556,
  "蜜桃&芥子": 55.55555556,
  "数珠": 54.87804878,
  "荒": 60,
  "花鸟卷": 57.93991416,
  "面灵气": 56.97026022,
  "大天狗": 54.46428571,
  "黑童子": 53.41419587,
  "山童": 55.44554455,
  "金鱼姬": 60.71428571,
  "镰鼬": 48.55479727,
  "清姬": 50.18987342,
  "辉夜姬": 54.69879518,
  "万年竹": 52.94117647,
  "以津真天": 52.80334728,
  "骨女": 50.72463768,
  "妖刀姬": 53.76344086,
  "蝴蝶精": 67.37852514,
  "青行灯": 63.46153846,
  "书翁": 54.10516605,
  "食梦貘": 53.73134328,
  "茨木童子": 43.32425068,
  "玉藻前": 53.06122449,
  "雪童子": 49.71098266,
  "雪女": 52.10526316,
  "九命猫": 47.6744186,
  "小鹿男": 50.67961165,
  "络新妇": 45.87155963,
  "白童子": 57.26872247,
  "跳跳弟弟": 39.77272727,
  "雨女": 50.6097561,
  "巫蛊师": 47.86324786,
  "烟烟罗": 44.68085106,
  "判官": 45.49926732,
  "般若": 48.58299595,
  "三尾狐": 52.74555298,
  "童女": 50.60728745,
  "两面佛": 58.44582269,
  "奴良陆生": 46.74556213,
  "海坊主": 46.76386913,
  "独眼小僧": 45.65217391,
  "食发鬼": 49.28571429,
  "鬼使黑": 47.16981132,
  "椒图": 51.13732098,
  "一目连": 53.60824742,
  "虫师": 45.68965517,
  "姑获鸟": 44.66019417,
  "桃花妖": 41.70040486,
  "兵俑": 45.77114428,
  "阎魔": 44.93670886,
  "武士之灵": 41.26149803,
  "兔丸": 41.61073826,
  "山兔": 46.90265487,
  "首无": 44.44444444,
  "白狼": 39.36170213,
  "鬼女红叶": 36.77884615,
  "阿香": 44.31137725,
  "妖琴师": 41.2371134,
  "座敷童子": 46.85138539,
  "鬼使白": 45.86613336,
  "古笼火": 42.20183486,
  "卖药郎": 44.92764719,
  "鸩": 61.86742852,
  "跳跳妹妹": 43.24324324,
  "犬夜叉": 51.57919734,
  "吸血姬": 46.26917713,
  "弈": 44.66019417,
  "鸦天狗": 41.52013613,
  "河童": 42.57425743,
  "鲤鱼精": 39.6083386,
  "觉": 39.65517241,
  "狸猫": 47.06744868,
  "管狐": 40.87148373,
  "青坊主": 42.85714286,
  "丑时之女": 38.98756661,
  "夜叉": 40.22988506,
  "小袖之手": 36.54063844,
  "青蛙瓷器": 41.34615385,
  "童男": 41.17647059,
  "妖狐": 37.64705882,
  "萤草": 43.65597933,
  "凤凰火": 36.40167364,
  "荒川之主": 39.59330144,
  "傀儡师": 36.9047619,
  "御馔津": 42.36453202,
  "铁鼠": 33.94495413,
  "鬼灯": 32.23684211,
  "孟婆": 38.18181818,
  "二口女": 31.77570093,
  "饿鬼": 31.10674525,
  "鬼切": 69.23076923,
  "白藏主": 64.96146789,
  "少羽大天狗": 50,
  "桔梗": 72.72727273,
  "人面树": 62.22222222,
  "於菊虫": 39.13043478,
  "薰": 46.15384615,
  "炼狱茨木童子": 53.33333333,
  "一反木绵": 57.14285714,
  "入殓师": 60,
  "八岐大蛇": 66,
  "苍风一目连": 66,
  "稻荷神御馔津": 42.85714286,
  "化鲸": 70,
  "天井下": 78.26086957,
  "不知火": 50,
  "御怨般若": 50,
  "久次良": 50,
  "大岳丸": 50,
  "海忍": 50,
  "赤影妖刀姬": 50
}
