{
  "杀生丸": 71.69872663,
  "惠比寿": 63.05220884,
  "日和坊": 71.68004941,
  "跳跳哥哥": 63.07765945,
  "樱花妖": 56.44133298,
  "匣中少女": 62.41610738,
  "山风": 57.8977506,
  "追月神": 61.1738149,
  "彼岸花": 58.82352941,
  "百目鬼": 59.70238095,
  "犬神": 59.84349259,
  "酒吞童子": 62.61682243,
  "小松丸": 53.22715842,
  "蜜桃&芥子": 52.29007634,
  "数珠": 55.33536585,
  "荒": 63.85542169,
  "花鸟卷": 59.25925926,
  "面灵气": 58.14217662,
  "大天狗": 53.63565285,
  "黑童子": 53.00214439,
  "山童": 53.90946502,
  "金鱼姬": 55.46875,
  "镰鼬": 49.1202346,
  "清姬": 53.09056061,
  "辉夜姬": 55.31914894,
  "万年竹": 52.19512195,
  "以津真天": 55.29733424,
  "骨女": 47.12643678,
  "妖刀姬": 53.77358491,
  "蝴蝶精": 67.12993491,
  "青行灯": 61.39139671,
  "书翁": 53.40622372,
  "食梦貘": 52.13675214,
  "茨木童子": 41.47831399,
  "玉藻前": 54.95495495,
  "雪童子": 50,
  "雪女": 51.78571429,
  "九命猫": 47.70642202,
  "小鹿男": 50.22865854,
  "络新妇": 43.90243902,
  "白童子": 51.18918919,
  "跳跳弟弟": 39.04761905,
  "雨女": 49.26108374,
  "巫蛊师": 47.36842105,
  "烟烟罗": 44.36090226,
  "判官": 54.44938153,
  "般若": 47.13533602,
  "三尾狐": 52.77777778,
  "童女": 51.04166667,
  "两面佛": 55.76086957,
  "奴良陆生": 48.10810811,
  "海坊主": 43.95206243,
  "独眼小僧": 45.6,
  "食发鬼": 47.56097561,
  "鬼使黑": 46.875,
  "椒图": 45.72944297,
  "一目连": 52.23880597,
  "虫师": 45.94594595,
  "姑获鸟": 45.3125,
  "桃花妖": 42.60869565,
  "兵俑": 46.41350211,
  "阎魔": 47.05882353,
  "武士之灵": 42.54207777,
  "兔丸": 41.17647059,
  "山兔": 49.22316384,
  "首无": 45.03816794,
  "白狼": 40.9455843,
  "鬼女红叶": 42.43176179,
  "阿香": 42.1319797,
  "妖琴师": 40.83333333,
  "座敷童子": 47.69230769,
  "鬼使白": 44.7372606,
  "古笼火": 40.90909091,
  "卖药郎": 47.22490293,
  "鸩": 58.32036779,
  "跳跳妹妹": 42.7480916,
  "犬夜叉": 47.62633997,
  "吸血姬": 41.82735093,
  "弈": 43.65079365,
  "鸦天狗": 44.06698565,
  "河童": 44,
  "鲤鱼精": 46.38762887,
  "觉": 38.34586466,
  "狸猫": 45.80408911,
  "管狐": 38.8862218,
  "青坊主": 42.68292683,
  "丑时之女": 37.21535459,
  "夜叉": 38.67924528,
  "小袖之手": 43.18029834,
  "青蛙瓷器": 40.32258065,
  "童男": 44.27480916,
  "妖狐": 38.0952381,
  "萤草": 44.29783462,
  "凤凰火": 38.54961832,
  "荒川之主": 40.9556314,
  "傀儡师": 33,
  "御馔津": 40.34334764,
  "铁鼠": 35.76642336,
  "鬼灯": 35.71428571,
  "孟婆": 38.06791009,
  "二口女": 33.05785124,
  "饿鬼": 32.58655804,
  "鬼切": 63.15789474,
  "白藏主": 56.93763292,
  "少羽大天狗": 47.22222222,
  "桔梗": 68.18181818,
  "人面树": 55.69620253,
  "於菊虫": 56.8627451,
  "薰": 69.33137712,
  "炼狱茨木童子": 51.72413793,
  "一反木绵": 54.54545455,
  "入殓师": 57.00325733,
  "八岐大蛇": 71.42857143,
  "苍风一目连": 50.96685083,
  "稻荷神御馔津": 36.47234679,
  "化鲸": 47.10059172,
  "天井下": 67.5,
  "不知火": 86.36363636,
  "御怨般若": 78.3625731,
  "久次良": 62.96296296,
  "大岳丸": 72.72727273,
  "海忍": 63.15789474,
  "赤影妖刀姬": 63.63636364,
  "骁浪荒川之主": 50,
  "蟹姬": 71.42857143,
  "朽木露琪亚": 53.84615385,
  "黑崎一护": 48.31460674,
  "泷夜叉姬": 50,
  "烬天玉藻前": 44.44444444,
  "纸舞": 56,
  "鬼王酒吞童子": 87.29281768,
  "星熊童子": 61.11111111,
  "天剑韧心鬼切": 50
}