{
  "杀生丸": 72.05882353,
  "惠比寿": 69.92441644,
  "日和坊": 72.31515481,
  "跳跳哥哥": 71.18810601,
  "樱花妖": 65.37189662,
  "匣中少女": 66.84296526,
  "山风": 60.88888889,
  "追月神": 64.97269907,
  "彼岸花": 61.9205631,
  "百目鬼": 62.10762649,
  "犬神": 62.93629344,
  "酒吞童子": 63.89437857,
  "小松丸": 58.27288686,
  "蜜桃&芥子": 61.07189685,
  "数珠": 54.68385781,
  "荒": 59.69384245,
  "花鸟卷": 58.15910517,
  "面灵气": 63.28042328,
  "大天狗": 54.19642857,
  "黑童子": 56.3761646,
  "山童": 57.54807692,
  "金鱼姬": 62.73041475,
  "镰鼬": 52.58413728,
  "清姬": 54.72620946,
  "辉夜姬": 53.17192795,
  "万年竹": 53.98845721,
  "以津真天": 45.25252525,
  "骨女": 54.45569137,
  "妖刀姬": 51.12032799,
  "蝴蝶精": 53.72580944,
  "青行灯": 56.32925898,
  "书翁": 60.236822,
  "食梦貘": 59.68166105,
  "茨木童子": 50.85561497,
  "玉藻前": 49.43161882,
  "雪童子": 46.24664112,
  "雪女": 51.906298,
  "九命猫": 48.92894,
  "小鹿男": 47.66081871,
  "络新妇": 49.1386294,
  "白童子": 56.10119048,
  "跳跳弟弟": 50.41666667,
  "雨女": 53.04335502,
  "巫蛊师": 49.84546703,
  "烟烟罗": 45.9375,
  "判官": 43.05960561,
  "般若": 49.08141732,
  "三尾狐": 58.4045584,
  "童女": 50.73967699,
  "两面佛": 56.27546367,
  "奴良陆生": 47.34826955,
  "海坊主": 49.50822919,
  "独眼小僧": 49.44017653,
  "食发鬼": 47.0132571,
  "鬼使黑": 45.90053763,
  "椒图": 49.46428571,
  "一目连": 55.79732767,
  "虫师": 46.76047359,
  "姑获鸟": 43.32780292,
  "桃花妖": 41.69762642,
  "兵俑": 43.82951301,
  "阎魔": 45.02757014,
  "武士之灵": 44.33555709,
  "兔丸": 46.53907496,
  "山兔": 45.66208296,
  "首无": 46.98830409,
  "白狼": 36.69558512,
  "鬼女红叶": 36.93075684,
  "阿香": 43.91987179,
  "妖琴师": 42.07390649,
  "座敷童子": 45.95567451,
  "鬼使白": 45.06119545,
  "古笼火": 35.39555703,
  "卖药郎": 44.56862745,
  "鸩": 52.70685615,
  "跳跳妹妹": 47.08333333,
  "犬夜叉": 36.42857143,
  "吸血姬": 44.36078451,
  "弈": 43.38369963,
  "鸦天狗": 43.6985237,
  "河童": 47.2619969,
  "鲤鱼精": 43.54195095,
  "觉": 38.5327381,
  "狸猫": 41.05722658,
  "管狐": 35.94606351,
  "青坊主": 41.59448395,
  "丑时之女": 36.90340909,
  "夜叉": 44.42546584,
  "小袖之手": 39.73684211,
  "青蛙瓷器": 42.74184149,
  "童男": 35.41666667,
  "妖狐": 36.41547049,
  "萤草": 42.38322333,
  "凤凰火": 38.90973664,
  "荒川之主": 42.74725275,
  "傀儡师": 35.45751634,
  "御馔津": 42.01465382,
  "铁鼠": 35.3046398,
  "鬼灯": 31.70129807,
  "孟婆": 34.18109668,
  "二口女": 28.41346154,
  "饿鬼": 35.20168238,
  "鬼切": 70
}