{
  "杀生丸": 72.05882353,
  "惠比寿": 69.79538418,
  "日和坊": 73.18321037,
  "跳跳哥哥": 67.0738203,
  "樱花妖": 65.95088752,
  "匣中少女": 67.94590643,
  "山风": 64.59259259,
  "追月神": 63.79881792,
  "彼岸花": 62.5455631,
  "百目鬼": 62.69611821,
  "犬神": 65.0539405,
  "酒吞童子": 62.37922705,
  "小松丸": 59.85812594,
  "蜜桃&芥子": 62.89481352,
  "数珠": 54.51938412,
  "荒": 60.31884245,
  "花鸟卷": 57.46466073,
  "面灵气": 60.63492063,
  "大天狗": 53.91233766,
  "黑童子": 57.75297619,
  "山童": 55.625,
  "金鱼姬": 61.53993856,
  "镰鼬": 52.53241315,
  "清姬": 54.72620946,
  "辉夜姬": 53.19898422,
  "万年竹": 52.74424424,
  "以津真天": 50.80808081,
  "骨女": 51.53361345,
  "妖刀姬": 51.81477244,
  "蝴蝶精": 52.06276596,
  "青行灯": 55.42016807,
  "书翁": 60.236822,
  "食梦貘": 60.26989634,
  "茨木童子": 50.85561497,
  "玉藻前": 47.44298246,
  "雪童子": 48.14058051,
  "雪女": 52.30952381,
  "九命猫": 49.32576539,
  "小鹿男": 50.04177109,
  "络新妇": 49.54981361,
  "白童子": 50.74404762,
  "跳跳弟弟": 50.41666667,
  "雨女": 53.75764074,
  "巫蛊师": 50.9168956,
  "烟烟罗": 49.27083333,
  "判官": 40.21060276,
  "般若": 47.64202338,
  "三尾狐": 59.14529915,
  "童女": 49.5492008,
  "两面佛": 53.47826087,
  "奴良陆生": 47.48563218,
  "海坊主": 50.1434379,
  "独眼小僧": 49.04335113,
  "食发鬼": 46.21111807,
  "鬼使黑": 47.264174,
  "椒图": 46.28968254,
  "一目连": 55.31655844,
  "虫师": 46.41325137,
  "姑获鸟": 42.04575163,
  "桃花妖": 43.46078431,
  "兵俑": 44.04003933,
  "阎魔": 45.7567368,
  "武士之灵": 42.11333487,
  "兔丸": 44.5504386,
  "山兔": 47.05097184,
  "首无": 45.20258981,
  "白狼": 45.62415655,
  "鬼女红叶": 31.09742351,
  "阿香": 41.59193657,
  "妖琴师": 43.74057315,
  "座敷童子": 47.49171708,
  "鬼使白": 43.71119545,
  "古笼火": 37.27055703,
  "卖药郎": 49.56862745,
  "鸩": 52.81121607,
  "跳跳妹妹": 47.38636364,
  "犬夜叉": 38.0952381,
  "吸血姬": 46.49321997,
  "弈": 44.3452381,
  "鸦天狗": 39.65811966,
  "河童": 45.3712406,
  "鲤鱼精": 43.54195095,
  "觉": 35.85416667,
  "狸猫": 40.54440607,
  "管狐": 31.40060896,
  "青坊主": 43.8003663,
  "丑时之女": 41.90340909,
  "夜叉": 41.92546584,
  "小袖之手": 40.84795322,
  "青蛙瓷器": 41.78030303,
  "童男": 34.72222222,
  "妖狐": 37.24880383,
  "萤草": 43.35724931,
  "凤凰火": 39.25816869,
  "荒川之主": 47.21153846,
  "傀儡师": 36.15196078,
  "御馔津": 41.69207317,
  "铁鼠": 33.19425019,
  "鬼灯": 33.83805021,
  "孟婆": 33.46681097,
  "二口女": 28.19978632,
  "饿鬼": 34.36834904,
  "鬼切": 60
}