{
  "杀生丸": 74.33716032,
  "惠比寿": 65.59633028,
  "日和坊": 74.85358712,
  "跳跳哥哥": 62.43474335,
  "樱花妖": 61.66891614,
  "匣中少女": 66.11570248,
  "山风": 56.66728568,
  "追月神": 60.8478803,
  "彼岸花": 59.45945946,
  "百目鬼": 60.64257028,
  "犬神": 63.22869955,
  "酒吞童子": 64.21052632,
  "小松丸": 55.13513514,
  "蜜桃&芥子": 53.64806867,
  "数珠": 55.62130178,
  "荒": 61.11111111,
  "花鸟卷": 58.19672131,
  "面灵气": 51.39220366,
  "大天狗": 53.44827586,
  "黑童子": 53.66492147,
  "山童": 54.62962963,
  "金鱼姬": 59.48275862,
  "镰鼬": 48.99286614,
  "清姬": 51.92554557,
  "辉夜姬": 54.62962963,
  "万年竹": 52.91005291,
  "以津真天": 53.55371901,
  "骨女": 48,
  "妖刀姬": 53.06122449,
  "蝴蝶精": 64.27016369,
  "青行灯": 64.75409836,
  "书翁": 54.65525918,
  "食梦貘": 53.84615385,
  "茨木童子": 43.13005143,
  "玉藻前": 53.92156863,
  "雪童子": 50.79365079,
  "雪女": 53.46534653,
  "九命猫": 45.74468085,
  "小鹿男": 51.25977411,
  "络新妇": 46.01769912,
  "白童子": 58.88181175,
  "跳跳弟弟": 41.30434783,
  "雨女": 49.71428571,
  "巫蛊师": 47.96747967,
  "烟烟罗": 45.19230769,
  "判官": 47.29445235,
  "般若": 49.13698127,
  "三尾狐": 52.41210139,
  "童女": 50.38461538,
  "两面佛": 57.32689211,
  "奴良陆生": 47.15909091,
  "海坊主": 44.89302968,
  "独眼小僧": 45.63106796,
  "食发鬼": 48.12286689,
  "鬼使黑": 47.32142857,
  "椒图": 44.91150442,
  "一目连": 51.32743363,
  "虫师": 45.79831933,
  "姑获鸟": 45.04504505,
  "桃花妖": 41.39194139,
  "兵俑": 45.3271028,
  "阎魔": 46.70658683,
  "武士之灵": 43.7994723,
  "兔丸": 41.55844156,
  "山兔": 47.28033473,
  "首无": 45.09803922,
  "白狼": 39.67446592,
  "鬼女红叶": 41.58415842,
  "阿香": 42.93785311,
  "妖琴师": 42.05607477,
  "座敷童子": 47.46987952,
  "鬼使白": 44.77277359,
  "古笼火": 42.10526316,
  "卖药郎": 47.99521439,
  "鸩": 61.22521879,
  "跳跳妹妹": 42.14876033,
  "犬夜叉": 48.58972404,
  "吸血姬": 45.56650246,
  "弈": 45.04504505,
  "鸦天狗": 42.62384322,
  "河童": 45.45454545,
  "鲤鱼精": 40.42241675,
  "觉": 39.3442623,
  "狸猫": 47.48623853,
  "管狐": 39.98849252,
  "青坊主": 42.46575342,
  "丑时之女": 39.50617284,
  "夜叉": 39.56043956,
  "小袖之手": 51.82165839,
  "青蛙瓷器": 41.81818182,
  "童男": 44.21416235,
  "妖狐": 37.77777778,
  "萤草": 44.44730989,
  "凤凰火": 37.5,
  "荒川之主": 42.21980413,
  "傀儡师": 35.16483516,
  "御馔津": 40.95238095,
  "铁鼠": 34.74576271,
  "鬼灯": 33.13609467,
  "孟婆": 37.4301676,
  "二口女": 32.45614035,
  "饿鬼": 29.94620442,
  "鬼切": 68.75,
  "白藏主": 57.9110881,
  "少羽大天狗": 48.14814815,
  "桔梗": 73.33333333,
  "人面树": 55.17241379,
  "於菊虫": 37.57225434,
  "薰": 50.38580247,
  "炼狱茨木童子": 50,
  "一反木绵": 57.14285714,
  "入殓师": 63.99132321,
  "八岐大蛇": 78.57142857,
  "苍风一目连": 80,
  "稻荷神御馔津": 43.80403458,
  "化鲸": 36.66666667,
  "天井下": 71.05263158,
  "不知火": 80,
  "御怨般若": 72.13930348,
  "久次良": 44.44444444,
  "大岳丸": 70,
  "海忍": 60,
  "赤影妖刀姬": 50,
  "骁浪荒川之主": 50,
  "蟹姬": 50,
  "朽木露琪亚": 50,
  "黑崎一护": 50,
  "泷夜叉姬": 50,
  "烬天玉藻前": 50,
  "纸舞": 0,
  "鬼王酒吞童子": 50,
  "星熊童子": 50
}