{
  "杀生丸": 68.66081229,
  "惠比寿": 62.6459144,
  "日和坊": 70.71117562,
  "跳跳哥哥": 63.33103494,
  "樱花妖": 53.81112047,
  "匣中少女": 63.125,
  "山风": 56.69987835,
  "追月神": 59.64397906,
  "彼岸花": 60.6741573,
  "百目鬼": 58.26458822,
  "犬神": 58.04168305,
  "酒吞童子": 63.63636364,
  "小松丸": 53.22715842,
  "蜜桃&芥子": 52.20588235,
  "数珠": 56.35551142,
  "荒": 64.36781609,
  "花鸟卷": 59.20577617,
  "面灵气": 58.610659,
  "大天狗": 52.5107604,
  "黑童子": 52.52877572,
  "山童": 54.03225806,
  "金鱼姬": 54.07407407,
  "镰鼬": 49.3448214,
  "清姬": 51.79110919,
  "辉夜姬": 55.17928287,
  "万年竹": 52.40384615,
  "以津真天": 51.46900752,
  "骨女": 46.06741573,
  "妖刀姬": 53.09734513,
  "蝴蝶精": 66.68451153,
  "青行灯": 55.65487757,
  "书翁": 53.21939587,
  "食梦貘": 51.69491525,
  "茨木童子": 39.27125506,
  "玉藻前": 53.98230088,
  "雪童子": 50,
  "雪女": 52.40174672,
  "九命猫": 47.74774775,
  "小鹿男": 47.71904417,
  "络新妇": 44.53125,
  "白童子": 48.820059,
  "跳跳弟弟": 40.36697248,
  "雨女": 49.27536232,
  "巫蛊师": 47.36842105,
  "烟烟罗": 44.44444444,
  "判官": 56.40508372,
  "般若": 47.61061947,
  "三尾狐": 52.69382392,
  "童女": 51.18644068,
  "两面佛": 56.02686462,
  "奴良陆生": 48.14814815,
  "海坊主": 42.18907988,
  "独眼小僧": 46.45669291,
  "食发鬼": 47.44744745,
  "鬼使黑": 47.05882353,
  "椒图": 42.91225114,
  "一目连": 53.90070922,
  "虫师": 46.61654135,
  "姑获鸟": 45.45454545,
  "桃花妖": 43.22033898,
  "兵俑": 45.90163934,
  "阎魔": 47.12041885,
  "武士之灵": 42.54207777,
  "兔丸": 41.52046784,
  "山兔": 48.46101231,
  "首无": 45.03816794,
  "白狼": 40.9455843,
  "鬼女红叶": 44.02895054,
  "阿香": 42.1319797,
  "妖琴师": 41.12903226,
  "座敷童子": 47.09543568,
  "鬼使白": 44.46873259,
  "古笼火": 40.90909091,
  "卖药郎": 47.22490293,
  "鸩": 57.58831612,
  "跳跳妹妹": 42.42424242,
  "犬夜叉": 46.52114598,
  "吸血姬": 41.49330294,
  "弈": 43.65079365,
  "鸦天狗": 44.06698565,
  "河童": 43.65079365,
  "鲤鱼精": 48.16389863,
  "觉": 38.80597015,
  "狸猫": 45.80408911,
  "管狐": 39.1263504,
  "青坊主": 42.42424242,
  "丑时之女": 38.80145278,
  "夜叉": 40.17857143,
  "小袖之手": 41.35647646,
  "青蛙瓷器": 41.08527132,
  "童男": 44.27480916,
  "妖狐": 37.27865797,
  "萤草": 44.7220985,
  "凤凰火": 38.78326996,
  "荒川之主": 40.16736402,
  "傀儡师": 33.98058252,
  "御馔津": 39.83050847,
  "铁鼠": 35.50724638,
  "鬼灯": 35.96059113,
  "孟婆": 37.24847918,
  "二口女": 33.33333333,
  "饿鬼": 32.58655804,
  "鬼切": 60,
  "白藏主": 51.0745153,
  "少羽大天狗": 44.98834499,
  "桔梗": 64,
  "人面树": 54.87804878,
  "於菊虫": 56.8627451,
  "薰": 61.41290069,
  "炼狱茨木童子": 46.15384615,
  "一反木绵": 51.42857143,
  "入殓师": 59.04860393,
  "八岐大蛇": 71.05263158,
  "苍风一目连": 49.53940635,
  "稻荷神御馔津": 38.10775296,
  "化鲸": 45.58139535,
  "天井下": 69.6969697,
  "不知火": 72.4137931,
  "御怨般若": 73.74179431,
  "久次良": 62.5,
  "大岳丸": 66.66666667,
  "海忍": 55.17241379,
  "赤影妖刀姬": 60,
  "骁浪荒川之主": 46.15384615,
  "蟹姬": 72.26463104,
  "朽木露琪亚": 58.82352941,
  "黑崎一护": 60.07266855,
  "泷夜叉姬": 59.09090909,
  "烬天玉藻前": 61.11111111,
  "纸舞": 56,
  "鬼王酒吞童子": 67.83216783,
  "星熊童子": 56.52173913,
  "天剑韧心鬼切": 55.55555556,
  "聆海金鱼姬": 61.53846154,
  "浮世青行灯": 50,
  "云外镜": 40,
  "鬼童丸": 55,
  "缘结神": 45,
  "铃鹿御前": 50,
  "风狸": 36.36363636,
  "猫掌柜": 60
}